词语,热度
新冠肺炎,1804
外地人员,17
肺炎疫情,1389
工作者社区,17
出院病例,776
人员流行病学,17
方舱医院,520
光谷院区,17
指挥部疫情,17
新闻发布会,477
重症病例,455
情况发布会,17
病例疑似病例,368
新闻媒体,17
疫情情况,357
总台新闻,17
部署全国,17
疫情形势,347
重症患者,344
压力疫情,17
医疗物资,315
人员地方,17
疫情阻击战,310
办公厅印发,17
病例出院,279
全国本土,17
零星病例,17
人民群众,258
病例重症,240
疫情公共卫生,17
肺炎患者,237
过程病人,17
疫情领导小组,232
物资国家,17
病房收治,17
决策部署,219
记者疫情,216
企业物资,17
措施疫情,208
专业技术人员,17
机制新闻,201
医务人员风险,17
指导新冠,17
中央总台,199
经历磨难,17
医疗卫生机构,197
新冠病毒,196
人员病例,17
疫情国家,192
医学观察措施,17
疫情经济社会,190
媒体中心,17
疫情措施,184
疫情新闻,17
有序企业,17
国家主席,179
路线号线,177
人员心理,17
记者记者证,170
优势疫情,17
力量社区,17
入境人员,170
疫情风险,168
企业员工,17
新闻记者疫情,17
医务工作者,163
情况病例,161
会同国家,17
银行贷款,17
病例医学观察,161
总体部署,17
出院患者,159
经济社会疫情,17
国际社会,159
本土病例,155
国家公共卫生,17
群众社区,17
国家新闻,153
重点人群,151
会议部署,17
水生野生动物,17
记者朋友,148
医疗队队员,150
信息国家,17
研究员主持人,17
时报记者,17
车辆宾馆,59
门诊记者,59
记者证新闻,85
邮件快件,22
门诊患者,19
来源新华网,145
电话电子邮箱,72
重点群体,21
高风险风险,19
部门负责同志,24
领导小组会议,98
返程人员,20
经验方案,19
部门措施,38
车号人员,59
老年人基础,22
部门政策,31
错峰返程,28
疫情医护人员,22
病例通报,24
野生动物交易,22
风险人群,24
社区干部,19
病例患者,17
机构门诊,59
链接国家,26
社区工作者,74
疫情全省,28
社区措施,24
自治区直辖市,19
通报情况,18
病例流行病学,18
院士团队,40
技术交流,35
基层医疗卫生,90
机关办公区,40
精神中央,34
部门疫情,43
街道社区,26
疫情行业,24
风险地区,132
重症病房,46
肺炎方案,85
电子邮箱渠道,72
省份疫情,21
队员医疗队,27
重症专业,17
经济疫情,20
部门负责人,18
经济新闻记者,33
疫情病例,51
野生动物制品,19
记者国家,28
资源疫情,21
肺炎病例,128
策略疫情,19
病毒核酸,35
有序秩序,19
重症病人,56
社区疫情,100
病例感染者,41
领导小组部署,43
疫情体制,22
疫情体系,24
成果疫情,22
社会主义制度,28
疫情记者,28
重症医学科,68
经济导报,53
部署中央,18
疫情物资,97
记者电话,85
负压救护车,22
领导小组领导,27
病毒疫情,27
步行车号,59
记者病例,23
经济社会秩序,42
情况新冠,24
疫情全球,76
肺炎医疗,31
管理司司长,22
疫情有序,38
病例全国,35
精神决策,18
国家肺炎,37
物资重点,31
疫情关心,17
核酸阴性,58
社会大局,18
重症危重症,142
机构中央,28
能力水平,29
高校毕业生,21
通报疫情,119
重症病区,47
防护服护目镜,18
时间人员,73
疫情方案,22
部门地方,20
阶段性成果,27
定点收治,21
物资调度,18
疾病患者,19
收治能力,21
税务部门,33
现场机制,40
患者情况,34
总台国广,28
社区工作人员,53
社区居民,52
重点区域,21
重点单位,29
疫情总书记,57
