新华社武汉2月28日电（记者李思远、王作葵）中央赴湖北指导组成员、国家卫生健康委员会主任马晓伟28日说，武汉的新冠肺炎患者每4人就有1人是在方舱医院治疗的，方舱医院做到了“零感染、零死亡、零回头”。　　当日，国务院新闻办公室在湖北武汉举行新闻发布会，马晓伟等介绍了中央指导组指导疫情防控和医疗救治工作进展等方面的情况。　　马晓伟说，疫情发生以来，病人就医数量呈“井喷式”增长，大量病人在社区和社会流动，医疗资源紧张，床位不能满足应收尽收的要求，面临着延误治疗时机、造成疫情扩散的双重压力。在这种复杂情况下，中央指导组深入一线，果断作出建设方舱医院的决定，要求武汉市立即将一批体育场馆、会展中心逐步改造为方舱医院。　　武汉市已经建成16家方舱医院，实际开放床位13000多张，累计收治患者12000多人。目前，方舱还有7600多名患者，空余床位5600张，实现了“床等人”。　　马晓伟表示，建设方舱医院是一项非常关键、意义重大的举措，在短期内迅速扩充了医疗资源，解决了大量患者入院治疗的问题，避免了疫情以更快的速度扩散。方舱医院的建设，在防与治两个方面发挥了重要的、不可替代的作用，也为今后应对突发公共卫生事件、应对重大灾情疫情、迅速组织扩充医疗资源创造了一种新的模式。　　马晓伟说，方舱医院的大规模使用，在我国医学救援史上具有标志性意义。目前，方舱医院运行平稳，医患关系和谐，不少方舱医院还建立了医患临时党支部，开展了许多有利于康复的活动。可以说，方舱是名副其实的生命之舱。（来源：新华网，2020年02月28日）,2020/2/29,方舱医院
新华网北京2月28日电（底东娜）国务院新闻办公室于28日在湖北武汉举行新闻发布会，介绍中央指导组指导疫情防控和医疗救治工作进展。国家卫健委疫情应对处置工作专家组组长梁万年表示，专家们通过形势研判和风险评估，一致认为这次疫情防控取得了积极的成效和明显的进展。　　梁万年介绍，疫情发生以来，一直在组织多学科专家，包括公共卫生、流行病学、卫生应急、临床医学、法学、社会学、经济学等等，跟踪研判疫情的发展形势，同时在做风险评估。专家们通过形势研判和风险评估，一致认为这次疫情防控从策略上是正确的，措施上是果断和有力的，并且也取得了积极的成效和明显的进展，主要表现在避免了中国更大范围的疫情暴发流行，全国疫情防控形势积极向好的态势正在拓展。　　梁万年说，武汉市是这次疫情的流行中心，也是最严重的地区，目前疫情快速上升的趋势已经得到了遏制，表现在每日新增确诊病例数下降，每日新增疑似病例数下降，重症、危重症病例占确诊病例比例下降，病死率下降，这四个数字充分表明疫情正在得到有力的控制。我这里有一组数据，比如说每日新增确诊病例数最高峰的时候是2月13日达到3910例，下降到2月27日313例；新增治愈出院病例数从2月20日就开始连续8天超过了新增确诊病例数，这是个非常好的情况，进出不仅达到了平衡，出院数还超过了新增确诊病例数。现有重症病例占比，也就是重症病例占确诊病例的比例，从2月11日的31.6%一直在持续波动下降，到27日的时候达到22.4%。病死率从1月26日最高点9.0%下降到现在的4.4%。同时还有一个比较好的情况是，在每日新增病例当中，我们进一步分析，这些新增病例主要是由疑似病例转过来的，这种比例占80%到90%，也就是说这些病例都是在我们掌控之中进一步确诊过来的。（来源：新华网，2020年02月28日）,2020/2/29,疫情防控
新华网北京2月28日电（底东娜）国务院新闻办公室于28日在湖北武汉举行新闻发布会，介绍中央指导组指导疫情防控和医疗救治工作进展。有媒体提问，在重症救治方面采取了哪些措施，从而降低病亡率的，中央指导组成员、国家卫生健康委主任马晓伟表示，为了降低病亡率，提高治愈率，采取了“四集中”的办法，即“集中患者、集中专家、集中资源、集中救治”。　　马晓伟说，这次新冠肺炎同“非典”相比，病毒的传播力更强，多数病例症状较轻，但少数病例病人症状危重，累及心脏等多个脏器，死亡病例多数有严重的基础性疾病，如心脏病、晚期癌症、肾功能衰竭等。也有部分年轻患者病程凶险，进展很快，救治难度大。尽管医学界对这种疾病的治病、发展、转归的机理还了解不深，但病毒对机体的损害仍然符合已知的病理生理学规律。加强内科救治，提高基础医疗质量，始终是救治工作的基本要求。　　为了降低病亡率，提高治愈率，我们采取了“四集中”的办法，即“集中患者、集中专家、集中资源、集中救治”。在武汉市，确定了十余家收治重症、危重症患者的定点医院，床位达到9000多张。这些重症医院集中了全国90多支国家级、省级的医疗队，约有13000名高水平的医务人员，与当地医务工作者密切配合，在重症救治方面不断取得新的进步。　　归纳起来主要是三个方面：一是提高救治的针对性。我们开展了病理解剖学研究，在研究中发现了病毒对脏器损害的主要部位、程度，这样也就更有针对性地明确了临床救治的主攻方向，提出了相应的治疗手段，对以前的治疗方案进行优化，在重症治疗方面形成了专家共识。二是提高救治的创造性，善于在病情动态变化中早期识别重症患者，这一点非常重要。要始终围绕临床的主要矛盾，比如说解决气管堵塞问题，创造性地运用治疗手段和设备，把握好治疗的最佳时机、手段和剂量。这次几个重症病区都以麻醉科医生为骨干，建立了插管小分队，积极开展有创呼吸操作。早期使用这项手段，对挽救病人的生命是十分重要的，这也是我们在重症治疗中总结出的一条经验。三是提高救治的整体性，要充分发挥高水平专家集中的优势，密切沟通协作，注重经验的分享。（来源：新华网，2020年02月28日）,2020/2/29,疫情防控 医疗救治
新华网北京2月28日电（底东娜）国务院新闻办公室于28日在湖北武汉举行新闻发布会，介绍中央指导组指导疫情防控和医疗救治工作进展。中央指导组成员、国家卫生健康委主任马晓伟表示，目前定点医院收治的重症患者转归为治愈的占比从14%提高到了64%。　　马晓伟介绍，为了解决病亡率偏高问题，我们进一步落实“四集中”原则，突出加强重症救治。在武汉，国家医疗队整建制地接管病房，采取“以院包科”、“以省包科”等模式，将重症收治床位扩展到9000张，累计收治重症、危重症患者7000多人。组建院士巡诊团队，成立联合专家组，6次修订优化救治方案，落实专家会诊、24小时报病危、死亡病例讨论、重症巡诊等制度，组织插管小分队，推广中医药临床使用。通过上述这些措施，目前定点医院收治的重症患者转归为治愈的占比从14%提高到了64%。全国累计治愈的出院患者已经超过36000人。（来源：新华网，2020年02月28日）,2020/2/29,疫情防控 医疗救治
28日，国务院新闻办公室在武汉举行新闻发布会，中央指导组成员、国家卫生健康委主任马晓伟，中央指导组成员、国家卫生健康委副主任于学军，国家卫生健康委新冠肺炎疫情应对处置工作专家组组长梁万年等介绍中央指导组指导疫情防控和医疗救治工作进展。　　这场重要的新闻发布会，透露了三方面关键信息：　　疫情形势——从下面几组数据看，武汉疫情得到有力控制　　目前武汉定点医院收治的重症患者转归为治愈的占比：从14%提高到了64%　　全国累计治愈出院患者：已超36000人　　武汉新增的每日病例数：由最高峰2月13日的3910例，下降至2月27日313例　　武汉新增治愈病例：从2月20日起已连续8天超过新增确诊病例数　　武汉市重症占比：从2月11日的占比31.6%下降到27日的22.4%　　武汉市病亡率：1月26日的最高点9.0%，下降到现在的4.4%　　另外，武汉市目前新增病例80%-90%是由疑似病例转来　　收治能力——武汉市床位达到2.3万张，超过4万名医务人员支援湖北　　作为疫情核心区，武汉市新冠肺炎收治床位从5000多张增加到23000张，其中重症床位达到9000张；一批体育馆、会展中心、培训中心等被改造成方舱医院和隔离收治场所，目前开放床位13000多张，实现了“床等人”。　　目前，各地共选派330多支医疗队、超过4万名医务人员支援湖北，其中，重症医学科、感染科、呼吸科、循环内科和麻醉科等专业人员就达到了15000多人，尽锐出征、专家云集。　　在武汉，国家医疗队整建制地接管病房，采取“以院包科”、“以省包科”等模式，将重症收治床位扩展到9000张，累计收治重症、危重症患者7000多人。组建院士巡诊团队，成立联合专家组，6次修订优化救治方案，落实专家会诊、24小时报病危、死亡病例讨论、重症巡诊等制度。　　方舱医院——实现“三零”　　武汉已建成16家方舱医院，累计收治患者12000人。武汉市新冠肺炎患者中，每4人就有1人是在方舱医院治疗的。　　方舱医院做到了零感染、零死亡、零回头。现在方舱医院还有7600多名患者，空余床位5600多张，实现了床等人。　　方舱医院为我国今后应对突发公共卫生事件，应对重大灾情疫情，迅速组织扩充医疗资源，创造了一种新的模式。新华社记者李思远针对重症患者救治问题进行提问记者：张书旗、李劲峰摄影：肖艺九（来源：新华社，2020年02月28日）,2020/2/29,疫情防控 医疗救治 方舱医院
《新型冠状病毒肺炎诊疗方案（试行第六版）》将磷酸氯喹等药物作为可在临床试用的抗病毒药物，并根据该药物临床试验情况推荐了用法用量。近期，磷酸氯喹临床试验数据进一步丰富，为确保该药在临床使用中更加安全有效，我委组织专家对磷酸氯喹用于新冠肺炎治疗用法用量进行了调整和细化。一是强调磷酸氯喹用于新冠肺炎治疗适用于18～65岁的患者，并根据患者体重差异化调整磷酸氯喹的用法用量。二是明确使用禁忌症和相对禁忌症。三是提出使用过程中的注意事项。相关链接：关于调整试用磷酸氯喹治疗新冠肺炎用法用量的通知,2020/2/28,新冠肺炎
2020年2月27日，马晓伟同志主持召开国家卫生健康委派驻湖北省工作组会议。分析当前疫情防控形势，研究部署近期疫情防控工作。于学军、余艳红同志，以及国家卫生健康委前方工作组有关同志参加会议。会议指出，在党中央、国务院的坚强领导下，在中央指导组的直接指挥下，武汉市、湖北省和全国在防控新冠肺炎流行和救治患者等关键环节取得明显成效，疫情防控形势积极向好态势正在拓展，中国--世界卫生组织联合专家考察组对此给予高度评价，彰显了中国的体制机制优势。会议强调，随着复工复产复学和返程等人员流动，疫情反弹风险增高，有关国家确诊新冠肺炎例数增长较快，我国面临疫情输入风险加大，防控形势依然复杂。要坚决贯彻党中央统筹疫情防控与经济社会发展的重大决策，按照依法防控、科学防控、精准防控的要求，区分不同风险等级地区情况，实行差异化的防控策略，以落实“四早”为核心，提出专业化建议，给予技术支撑。同时，继续集中力量和资源，全面加强湖北省和武汉市疫情防控和医疗救治工作，加大督促指导力度，坚决打赢武汉保卫战、湖北保卫战。会议要求，要继续深入开展疫情形势研判，紧紧扭住城乡社区防控和患者救治两个关键，研究采取科学的防控策略。编制全国疫情防疫工作预案及重点场所、重点单位、重点人群防控指南，指导地方编制防控预案并组织演练。进一步优化诊疗方案，抓住临床主要矛盾，把呼吸系统重症护理工作提到重要位置，注重细节，护理到位。总结中医药、中西医结合治疗新冠肺炎经验，并给予科学评价。会同相关部门抓紧将中央应对新冠肺炎疫情工作领导小组关于进一步保护关心爱护医务人员的若干措施逐项落到实处。组织开展第一批全国卫生健康系统新冠肺炎疫情防控工作先进集体和先进个人评选表彰，激励广大医务人员，持续健康地投入到战胜疫情的斗争中。新冠肺炎疫情防控工作会议现场,2020/2/27,新冠肺炎 疫情防控
新华社北京2月28日电　2月28日，中共中央政治局常委、国务院总理、中央应对新冠肺炎疫情工作领导小组组长李克强赴国家新冠肺炎药品医疗器械应急平台考察。他强调，要贯彻习近平总书记重要讲话精神，按照中央应对疫情工作领导小组部署，抓住当前急需的关键环节，更大力度开展医疗科技攻关，力争在高效检测试剂、有效药物和疫苗等方面尽快取得更大突破，为战胜疫情增添利器。　　有关部门负责人汇报了新冠肺炎检测试剂研制和应用情况，我国率先研制出核酸检测试剂，目前生产量可以满足需要，此外还研制出抗体检测试剂和可同时鉴别新冠肺炎与其他5种呼吸道疾病的检测试剂。李克强对此予以肯定，他说，检测试剂在这次疫情防控中发挥了十分关键作用，下一步要抓紧研制出检测时间更短、结果更准、操作更简便的试剂，同时做好相关设备配套和人员培训，增强检测能力，更好做到早发现，这样有利于早隔离、早治疗，遏制疫情传播，提高治愈率。　　专家们介绍，经过科学试验和临床探索，已研发筛选出一些针对轻重症的有效中西药进入诊疗方案，还有一些药物正在开展临床试验。李克强仔细询问这些药的作用和安全性。他说，药物是病毒的克星，全社会对此急迫期待，要进一步做好筛选和临床试验工作，种类不在多，关键要集中精选几种安全可靠、临床效果显著的主打药，让医务人员和群众更好使用，更有效救治重症患者、降低病亡率，更有效阻止轻症转为重症，这样克制病毒、战胜疫情就更有底气。　　李克强特别关心疫苗研发情况，详细了解目前几条技术路线的进展、什么时候可开展临床试验。他说，防控疫情采取了多方面措施，但最终战胜疫情还要有疫苗。疫苗研发要持续加大力度，既要抓紧推进、早出产品，又要尊重科学规律、严格按标准保证质量，调动各方面优势力量面对面合作，潜心研究、联合攻关，同时瞄准重点方向加强国际合作，尽早研制出安全有效疫苗，给群众定心丸。　　李克强叮嘱有关部门，要密切跟进试剂、药物、疫苗研发生产情况，主动加强对接服务，完善监管，在不降低标准的前提下提高检定和审评审批效率。加大对研发的支持力度，促进形成合力，提高研发质量，取得经得起检验的成果。同时对研发成果发布加强统筹协调，及时发出权威声音，保证公众得到准确可靠的信息。李克强勉励平台工作人员积极主动履职尽责，对防疫和科研一线所需急事急办、特事特办，勉励医药科研人员、医务人员继续与时间赛跑，加强研发、救治，依靠科学，用精良武器战胜疫情。　　刘鹤、王勇、肖捷、何立峰陪同考察。（来源：新华网，2020年02月28日）,2020/2/28,新冠肺炎 疫情防控 疫苗
时　间：2020年2月28日　　地　点：湖北武汉　　主持人：袭艳春　国新办新闻局副局长　　嘉　宾：马晓伟　中央指导组成员、国家卫生健康委主任　　　　　　于学军　中央指导组成员、国家卫生健康委副主任　　　　　　梁万年　国家卫生健康委新冠肺炎疫情应对处置工作专家组组长焦雅辉国家卫生健康委医政医管局副局长袭艳春：记者朋友们，下午好！欢迎大家出席国务院新闻办在湖北武汉举行的新闻发布会。今天我们请来了中央指导组成员、国家卫生健康委主任马晓伟先生，中央指导组成员、国家卫生健康委副主任于学军先生，国家卫生健康委新冠肺炎疫情应对处置工作专家组组长梁万年先生，国家卫生健康委医政医管局副局长焦雅辉女士，请他们向大家介绍中央指导组指导组织疫情防控和医疗救治工作的进展，并回答大家的提问。首先请马晓伟先生作介绍，有请。2020-02-2816:57马晓伟：各位媒体朋友，大家好！这次新冠肺炎疫情是新中国成立以来传播速度最快、感染范围最广、防控难度最大的一次重大突发公共卫生事件。党中央高度重视，习近平总书记亲自领导、亲自指挥、亲自部署了这场斗争，李克强总理亲赴武汉考察指导疫区的防控工作。受习近平总书记和党中央的委派，孙春兰副总理1月27日率中央指导组驻扎武汉，坚决落实党中央的决策部署，将防控疫情、救治患者作为头等大事，深入研究疫情，科学作出研判，围绕提高“收治率、治愈率”，降低“感染率、病亡率”目标，做出防控和救治工作的重大决策、重大部署，全面有力地指导、组织和推动湖北省、武汉市加强防控工作，使疫情防控形势逐渐呈现积极向好态势，并不断拓展。为了解决疫情的社区传播问题，我们督促开展社区排查，提高核酸检测能力。中央指导组督促武汉市开展确诊患者、疑似患者、一般发热患者和密切接触者“四类人员”拉网式排查，从中国疾病控制中心和全国各地疾控机构选派近千人支援武汉，开展流调和防控工作，派出13个专家组蹲点指导、快速评估。发挥国家、地方和第三方机构力量，调派3个移动P3实验室，组织各地疾控机构、实验室检测人员指导湖北各市县检测工作，培训人员，加强质控，将核酸检测能力从每天300人份提高到2万人份，使从采样送检到反馈结果的时间从2天缩短到4-6小时，做到“应检尽检，即送即检”。为了解决患者“收治难”问题，我们千方百计增加床位供给。指导武汉市改造扩容定点医院，一个月内就将新冠肺炎收治床位从5000多张增加到23000张，其中重症床位达到9000张。在武汉市区各级政府的努力下，将一批体育馆、会展中心、培训中心等改造成方舱医院和隔离收治场所，新建16家方舱医院。目前开放床位13000多张，现在每天治愈出院人数大大超过新增病例数。为了解决医务人员和医疗物资紧缺问题，我们从全国统筹调配资源。疫情发生以来，湖北累计确诊病例近66000人，其中有相当比例的重症患者，这大大超出了湖北的日常医疗服务能力。由于都是传染病患者，不能采取伤员向外地转运的办法，全国分担医疗压力的做法不能适用。我们就从全国调派优秀医务人员驰援湖北。目前，各地共选派330多支医疗队、超过4万名医务人员，其中，重症医学科、感染科、呼吸科、循环内科和麻醉科等专业人员就达到了15000多人，可以说是尽锐出征、专家云集。针对一度出现的医疗设备和物资紧张问题，我们加紧协调保障需求，同时要求各派出医院克服困难，尽最大的努力，募集呼吸机、人工膜肺、医用防护服等医疗设备和用品支援前方。特别是国家救援队，在支援武汉的前一星期左右，大部分医疗物资都是由后方医院支持的，这样就保证了医疗队能够到达目的地立即开展医疗工作，争分夺秒救治病人。为了解决病亡率偏高问题，我们进一步落实“四集中”原则，突出加强重症救治。在武汉，国家医疗队整建制地接管病房，采取“以院包科”、“以省包科”等模式，将重症收治床位扩展到9000张，累计收治重症、危重症患者7000多人。组建院士巡诊团队，成立联合专家组，6次修订优化救治方案，落实专家会诊、24小时报病危、死亡病例讨论、重症巡诊等制度，组织插管小分队，推广中医药临床使用。通过上述这些措施，目前定点医院收治的重症患者转归为治愈的占比从14%提高到了64%。全国累计治愈的出院患者已经超过36000人。经过艰苦努力，全国疫情防控形势呈现总体平稳、稳中向好的态势。中国-世界卫生组织联合专家组认为，中国采取了前所未有的公共卫生应对措施，在减缓疫情扩散蔓延、阻断病毒的人际传播方面取得了明显的效果。近日，党中央从经济社会发展全局和改革发展稳定大局出发，做出统筹疫情防控与经济社会发展的重大决策，国务院作出了具体部署。随着疫情防控从“静态管理”向“动态管理”转变，从“全国统一要求”向“分区分类”转变，从“社会防控”向“精准防控”转变，这对卫生健康系统提出了更高的要求。我们深知，当前疫情防控成效来之不易，形势严峻复杂，随着复工复产复学、返程人员流动，疫情存在反弹风险，一些地方已经出现聚集性病例，我们绝不可以有侥幸心理、松劲心态。我们深知，医务人员必须牢牢守住湖北、武汉等决战决胜之地。“中国虽大，我们决不能后退一步”，要像钉子一样钉在这里，扼住病魔的咽喉。因为湖北、武汉的背后是14亿中国人民，是75亿全世界易感人群，维护人民健康、增进人类福祉是医务工作者的天职。下一步，中央指导组要按照习近平总书记的要求，继续紧紧扭住城乡社区防控和患者救治两个关键。在疫情防控方面，要指导各地依法依规提出动态调整应急响应级别的建议。对武汉市、湖北省、北京市、相关重点省份、以及全国采取分区分级差异化的防控策略。要按照第五版《防控方案》要求，明确低风险、中风险、高风险疫情县的防控措施。对落实“四早”，提出实化细化精确化要求，编制实施方案。进一步压实企事业单位、学校等主体责任，修订完善重点人群、重点场所和重点单位防控方案，为有序复工复产复学提供技术保障。在医疗救治方面，要确保新增、新发现病例“日清日结”，继续优化医疗设备资源，安排好19个省份“以省包市”对口支援工作。重视轻症患者治疗，及时阻断向重症发展的途径。对重症患者治疗，要坚持“四个结合”，即基础医学与临床实践相结合、前方临床救治与后方多学科支持相结合，医疗与护理相结合，医疗与管理相结合，力争对每位病人的救治都能够体现出我国各临床重点学科的技术优势，体现出中国水平。谢谢大家！2020-02-2816:57袭艳春：感谢马晓伟主任，下面我们就进入答问环节，今天还是采用视频连线的方式进行提问，提问前请通报一下所在的新闻机构。请提问。2020-02-2816:59新华社记者：从官方公布的数据来看，湖北省特别是武汉市重症患者仍然比较多，请问在重症救治方面采取了哪些措施，从而降低病亡率的？谢谢。2020-02-2817:27马晓伟：这次新冠肺炎同“非典”相比，病毒的传播力更强，多数病例症状较轻，但少数病例病人症状危重，累及心脏等多个脏器，死亡病例多数有严重的基础性疾病，如心脏病、晚期癌症、肾功能衰竭等。也有部分年轻患者病程凶险，进展很快，救治难度大。尽管医学界对这种疾病的治病、发展、转归的机理还了解不深，但病毒对机体的损害仍然符合已知的病理生理学规律。加强内科救治，提高基础医疗质量，始终是救治工作的基本要求。为了降低病亡率，提高治愈率，我们采取了“四集中”的办法，即“集中患者、集中专家、集中资源、集中救治”。在武汉市，确定了十余家收治重症、危重症患者的定点医院，床位达到9000多张。这些重症医院集中了全国90多支国家级、省级的医疗队，约有13000名高水平的医务人员，与当地医务工作者密切配合，在重症救治方面不断取得新的进步。归纳起来主要是三个方面：一是提高救治的针对性。我们开展了病理解剖学研究，在研究中发现了病毒对脏器损害的主要部位、程度，这样也就更有针对性地明确了临床救治的主攻方向，提出了相应的治疗手段，对以前的治疗方案进行优化，在重症治疗方面形成了专家共识。二是提高救治的创造性，善于在病情动态变化中早期识别重症患者，这一点非常重要。要始终围绕临床的主要矛盾，比如说解决气管堵塞问题，创造性地运用治疗手段和设备，把握好治疗的最佳时机、手段和剂量。这次几个重症病区都以麻醉科医生为骨干，建立了插管小分队，积极开展有创呼吸操作。早期使用这项手段，对挽救病人的生命是十分重要的，这也是我们在重症治疗中总结出的一条经验。三是提高救治的整体性，要充分发挥高水平专家集中的优势，密切沟通协作，注重经验的分享。做到“四个结合”，一是基础医学与临床实践相结合。要开展病原学、病理解剖学、免疫学方面的研究，为提高临床救治效果提供理论支撑和循证依据。二是前方救治和后方多学科支持相结合。在疫情前期，后方对前方的支援主要是充实医疗力量、调配医疗物资、增加医疗设备等，现在要转移到后方多学科的技术支持和学术支持上，每天都要有重症病例通过前后方的会诊来提供最佳的治疗方案。三是医疗和护理相结合。我们看到呼吸道重症病人病危时的情况，特别是ICU医疗护理的状况，更加感觉到基础护理的重要性，因此要建立重症病区的护理统一流程标准和评估，要看好每个病人、管好每个病人。四是医疗与管理相结合。在整建制接管“以院包科”模式的基础上，成立联合医务处、护理部和院内感染控制部，组成国家、省市联合专家组，不断优化流程，统一标准。同时我们对武汉市其他医院安排专家组巡查巡诊，把武汉市所有重症病人特别是危重症病人纳入统一管理。我们在这方面积累了一些经验，已经出台了第六版《诊疗方案》。目前，我国累计确诊7.8万多名患者，治愈出院3.6万多人。我们应当提出新冠肺炎重症患者治疗的中国方案、中国标准，体现出中国水平。随着临床救治工作的不断开展，我们的经验积累得越来越丰富，医务人员在临床一线将更有信心。2020-02-2817:27日本读卖新闻记者：目前湖北以及武汉的新增病例一直下降，世卫组织认为疫情已到高峰期，但本月21日召开的中央会议认为尚未到拐点，请问您如何分析？谢谢。2020-02-2818:04马晓伟：这个问题由我们中国和世界卫生组织联合考察组中方组长梁万年先生进行回答。2020-02-2818:04梁万年：疫情发生以来，我们一直在组织多学科专家，包括公共卫生、流行病学、卫生应急、临床医学、法学、社会学、经济学等等，跟踪研判疫情的发展形势，同时在做风险评估。专家们通过形势研判和风险评估，一致认为这次疫情防控从策略上是正确的，措施上是果断和有力的，并且也取得了积极的成效和明显的进展，主要表现在避免了中国更大范围的疫情暴发流行，全国疫情防控形势积极向好的态势正在拓展。我分几个层次和地区来介绍一下疫情的情况。武汉市是这次疫情的流行中心，也是最严重的地区，目前疫情快速上升的趋势已经得到了遏制，表现在每日新增确诊病例数下降，每日新增疑似病例数下降，重症、危重症病例占确诊病例比例下降，病死率下降，这四个数字充分表明疫情正在得到有力的控制。我这里有一组数据，比如说每日新增确诊病例数最高峰的时候是2月13日达到3910例，下降到2月27日313例；新增治愈出院病例数从2月20日就开始连续8天超过了新增确诊病例数，这是个非常好的情况，进出不仅达到了平衡，出院数还超过了新增确诊病例数。现有重症病例占比，也就是重症病例占确诊病例的比例，从2月11日的31.6%一直在持续波动下降，到27日的时候达到22.4%。病死率从1月26日最高点9.0%下降到现在的4.4%。同时还有一个比较好的情况是，在每日新增病例当中，我们进一步分析，这些新增病例主要是由疑似病例转过来的，这种比例占80%到90%，也就是说这些病例都是在我们掌控之中进一步确诊过来的。这是武汉的一个基本情况。湖北省除武汉以外的其他地市，我们研判发现，它的局部暴发态势已经得到了遏制，这是我们一个基本的判断。湖北除武汉以外的地市有几组数据来证实这个情况，每日新增确诊病例数从最高峰2月12日的1400多例下降到现在5例，新增治愈出院病例数从2月15日开始连续13天超过新增确诊病例数。同时，现有重症病例占比持续保持稳定状态，2月27日是12.9%。病死率从1月26日以来一直保持在平稳状态，2月27日是3.1%。从全国的情况来看，全国除湖北以外的其他省市，疫情一直是持续向好的，它本来的状态就是一种散发状态，现在持续向好。新增报告病例数快速下降，每日新增确诊病例数从最高峰的2月3日890例下降到9例，新增治愈出院病例数从2月12日开始连续16天超过了新增确诊病例数，现有重症病例占比保持稳定，现在是10.3%。病死率从2月12日以来一直稳定在0.5%到0.8%之间。2月27日，24个省份和兵团均无新增确诊病例。这是全国三类地区基本的形势研判和态势，但是专家组也分析研判认为，零增长并不等于是零风险，目前中国的疫情防控形势依然严峻复杂，还具有很大的不确定性，仍然面临着反弹的巨大压力，所以还是不能盲目乐观，防控工作还是丝毫不能放松。当前从全国疫情的态势来看，湖北省和武汉市仍然是疫情的中心，湖北以外的省份仍然要严格防范可能出现的暴发流行，尤其是随着人口流动的增加，各地陆续复工复产，一些地区就可能面临着疫情的死灰复燃或者反弹。下一步，还是要坚决做好疫情防控工作，同时也要平衡好社会经济发展和疫情防控工作的关系。专家们有一些相关的建议：武汉市从策略上来看，还是要继续实行“外防输出、内防扩散、强化救治、群防群控”的策略，要继续维持和做实做细现行的防控措施，包括严格管控离汉通道，狠抓社区防控，坚持“四集中”原则，狠抓医疗救治，降低病死率，这是一个关键。同时，武汉市要特别强调轻症病人的管理和治疗，防止轻症病人转重。湖北省其他地市应该继续实施“严格管控、外防输出、内防扩散或者暴发流行”的策略，严格落实“四类人员”的分类集中管理措施，确保清零。继续实施严格的离汉、离鄂通道管控，遏制疫情扩散输出。全国其他地区建议实施“预防为主、外防输入、内防局部扩散”的策略，重点是以县域为单位，根据风险评估的等级，即高、中、低，分区采取相应的防控策略，平衡好疫情防控和经济社会的发展。谢谢。2020-02-2818:04澎湃新闻记者：我们了解到，近段时间国家及各地的医疗队有超过4万人集结到了湖北，我的问题是国家在组织支援湖北医疗队方面做了哪些工作？这些医疗队在新冠肺炎患者的救治中又发挥了怎样的作用？另外我还想问的是，在医疗队休整方面，未来有什么样的考虑？是否还会继续增派医疗队？谢谢。2020-02-2818:15马晓伟：湖北武汉是疫情防控和医疗救治的重中之重，“武汉胜则湖北胜、湖北胜则全国胜”。我们从全国调集了4万多医务人员驰援湖北，在湖北形成了重兵围歼之势，就是要打一场新冠肺炎的歼灭战，在这个过程中，有很多工作应该记录，有很多经验需要总结，也有很多故事需要书写。刚才这位记者提的问题，我想现在请我们医政医管局副局长焦雅辉女士来回答。2020-02-2818:16焦雅辉：谢谢您的提问。湖北和武汉是疫情防控阻击战的主战场。随着武汉市瞬时医疗需求的增加，医疗救治力量相对不足的矛盾突出地显示出来，从1月24日起，国家卫生健康委整建制地开始调派医疗力量，持续驰援湖北，驰援武汉。在调派医疗队方面，我们主要开展了以下工作：一是科学合理地调配医疗资源。针对重症医疗救治与普通和轻症医疗救治的不同特点，我们分别组建医疗队。在重症医疗队的组建方面，针对这次新冠肺炎是呼吸系统传染病，我们在组建医疗队时，重点抽调了呼吸、感染和重症专业的医务人员，整建制地组建医疗队。我们按照一个病区50张病床来计算，一支医疗队有30个医生和100个护士组成。在普通和轻症医疗队组建过程中，例如在方舱医院，我们按照1000张床配备500名医务人员，医护比按照1：4抽调，主要由内科专业的医生和护士组成。二是把重症医疗队整建制地分配到重症定点医院。采取以省包科、以院包科的形式，由这些重症医疗队整建制接管病区，并且由所在医院和医疗队共同组成战时联合医务处、院感办和护理部，组成联合专家组，对所有重症患者进行统一评估和统一管理。我们平时建立的医疗质量安全核心管理制度，在战时也发挥了重要的作用。三是成建制搭建方舱医疗团队。把普通和轻症医疗队与国家紧急医学救援队、移动P3实验室进行编组，针对方舱医院的特点，我们以省队为单位，采取分片包干的形式，快速配置标准化的医疗、护理和检查单元，做到了方舱医院建设交工、资源配备和患者收治的三同步。四是前瞻性地调派医疗队，作为轮换和休整的补充力量。在医疗队的轮换休整方面，我们按照习近平总书记关于“务必高度重视对医务人员的保护关心爱护，确保医务人员持续健康投入战胜疫情斗争”重要指示精神，制定了医疗队的轮换休整方案，并且现在已经开始通过多种方式进行医疗队的轮换和休整。第一种方式是在医疗队的内部挖潜，来解决医务人员的轮换休整问题。我们看到今天的数字，武汉在院的患者是26000多名，其中重症和危重症患者是6700多名。现在在院患者、重症患者与高峰期相比有了大幅度的下降，因此我们有一部分医疗队所接管的这些病区患者数量有所减少，为进行医务人员在隔离病房缩短工作时长创造了非常好的条件。第二种模式是采取整建制轮休的模式。我们近期派出的医疗队与1月份派出的最早的几批医疗队进行整建制轮换，像早期到达的福建和天津医疗队都是采取这种方式，已经在进行轮换和休整。第三种方式，是把近期到达的医疗队化整为零，分组成几个医疗小组，编组到早期到达的医疗队当中，来扩充这些医疗队的人力资源的配备，以此来拉长他们的工作排班的频次，也取得了医务人员休整的效果和目的。比如甘肃医疗队，经过人力的补充以后，医生可以工作一天休息一天半到两天，护士工作一天可以休息两天半到三天，重庆的医疗队医生平均每周的工作时长由50到60个小时下降到现在平均每周工作时长25到30小时，护士每周工作时长由40个小时下降到现在的20个小时。所以，可以说，目前医疗队的轮换可以保证我们的医务人员始终保持持续旺盛的战斗力，精力充沛地投入到抗击疫情的战争当中。我们的医疗队在抗击新冠肺炎疫情的医疗救治当中发挥了重要的作用。谢谢。2020-02-2818:16巴基斯坦记者：世界卫生组织评价中国的措施是有效的，但不排除疫情反弹的可能性，我们面对这种病毒，仍然存在巨大的风险，现在越来越多的人返回工作岗位，工厂也开始重新运行，在这样的情况下，中国怎样防止疫情反弹，怎样控制风险？谢谢。2020-02-2818:17马晓伟：这个问题应该说是我们防控工作中当前面临着的一个十分重要的问题，我们就这个问题进行了专门的研究和部署，下面请国家卫健委副主任于学军先生来回答这个问题。2020-02-2818:18于学军：谢谢您的提问。这个问题非常重要，像马主任刚才说的，也是我们目前正在进行的一项重点工作。我想，在回答您的问题的同时，也向我们有关方面做一个解读。尽管世界卫生组织对我们中国疫情防控工作给予了积极的评价，但是我们和世界卫生组织也都认识到，现在还不能盲目乐观，疫情还依然严峻复杂，还有卷土重来的风险。大家都注意到了，目前已经有多个省份下调了应急响应级别，有关省份可以也应该按照传染病防治法和突发公共卫生事件应急条例等法律法规，结合本地的实际情况，适时调节应急的响应级别，做到分区分级精准防控，有序地复工复产复学。各地陆续下调应急响应级别，意味着逐步取消相关限制，复工复产复学意味着大量人口要跨区流动，由此给我们防控工作带来一系列的挑战和压力，至少表现在这么几个方面：第一，交通限制取消以后，在交通运输过程中，产生的疫情传播风险会加大。第二，复工复产复学以后，人员聚集性传播风险会加大。第三，像广东、江苏、浙江等这些劳务输入大省的疾病输入性风险会加大。这些风险给疫情防控带来了很大的不确定性，今后的任务会更加艰巨，对我们提出了更高的要求。首先我想说，对于这些可能出现的传播风险，刚才马主任介绍，我们已经采取了很多措施，要及时防范和化解。我们要求各省制定预案，加强演练，做好准备，对于复工复产复学过程当中出现的病例，应急处置措施要科学精准，要及时。最重要的一点是，有关部门和医疗卫生机构要认真落实传染病早发现、早报告、早隔离、早治疗的“四早”措施，做好疫情监测和报告，及时发现确诊和疑似病例。同时要加强流行病学的调查，对于密切接触者进行跟踪管理，做到应收尽收、应检尽检、应隔尽隔、应治尽治。此外，稳妥的做好复工复产复学后的疫情防控工作，及时的调整防控策略也非常重要。在这里，我简单地把防控策略的调整概括为三个转变，也就是从“静态管理”向“动态管理”转变，从全国“统一要求”向各地“分区分级”转变，从“社会防控”向“精准防控”转变。除了刚才我说的要及时防范和化解可能出现的风险以外，我们就有关工作已经进行了全面部署，这里面主要包括这么几个方面：第一，要实行人员分类管理，具体说就是按照有关文件要求，加强员工的健康监测，分类采取有针对性的管控措施。同时指导员工加强个人防护，一旦出现异常情况，能够及时快速地处置。第二，要加强交通工具的防控措施。我们建议，通过增开专列，拉开乘坐空间，采取通风消毒、体温检测等必要措施，降低旅途中疫情传播的风险，在外来人口聚集的地区，要采取登记预约、分期分批、错峰出行等措施，有序地返程、返岗、返校。第三，要压实各方责任，我们明确地提出了社区、用工单位和学校的防控责任，对于商场、酒店等生活类场所，对于养老机构、福利院等特殊场所和重点人群，以及对农村农民的疫情防控，都做出了专门的部署安排，要求各地压实属地责任、部门责任、单位责任、家庭责任和个人责任，推动各方要把防控措施落实到位。第四，加强技术指导和科普宣传力度，为提高疫情防控的科学性、精准性和针对性，我们已经制定印发了15个有针对性的、操作性很强的技术方案，涵盖了社区、企业、学校等方方面面的场景和人群，向社会公众普及健康自我防护知识，指导各行各业联防联控、群防群控。下一步，为了确保复工复产复学过程中不出现疫情反弹，国家卫生健康委将组织督导组，对各省（区、市）预案制定的情况、医疗救治力量准备情况、有关保障供应的储备情况进行督导，在复工复产复学过程当中，如果出现因为防控措施不到位而引发疫情反弹的情况，我们会严肃处理。我就回答到这里，谢谢。2020-02-2818:18香港中评社记者：在此次疫情防控工作中，方舱医院可以说是一项创举，能否介绍一下目前开设有多少家方舱医院？可以收治多少病人？方舱医院在本次疫情的防控工作中又发挥着怎样的作用？谢谢。2020-02-2818:19马晓伟：这次疫情发生以来，病人就医数量呈“井喷式”增长，大量病人在社区和社会流动，医疗资源紧张，床位不能满足应收尽收的要求，面临着延误治疗时机、造成疫情扩散的双重压力。在这种复杂的情况下，中央指导组组长、国务院副总理孙春兰同志深入一线视察，果断作出建设方舱医院的决定，要求武汉市立即将一批体育场馆、会展中心逐步改造为方舱医院。武汉市市长周先旺同志靠前指挥、亲自调度，夜以继日地组织力量施工改造；武汉各区区委书记、区长坚守岗位，落实各项措施。第一批有4000张床位的3家方舱医院仅用了29个小时就建设完成，中央指导组调动22支国家紧急医学救援队及车载方舱、三支国家移动核酸检测实验车星夜赶往武汉，76支医疗队8000多名医务人员在几天内陆续进入方舱医院，边建设、边接收、边治疗，迅速开展工作。目前，武汉市已经建成16家方舱医院，实际开放床位13000多张，累计收治患者12000多人。武汉的新冠肺炎患者每4人就有1人是在方舱医院治疗的，方舱医院做到了“零感染、零死亡、零回头”。现在方舱还有7600多名患者，空余床位5600张，实现了“床等人”。现在回头看，建设方舱医院是一项非常关键、意义重大的举措。我们在短期内迅速扩充了医疗资源，用其他方式是很难短时间解决这么多床位的。如果这些患者长期不能住院，轻症可能发展为重症，还会在社会上造成广泛的社区传播。试想如果这几些病人没有在两三天内收治的话，疫情将会以更快的速度扩散，我们就将面临着更艰巨的防控任务。在这个关键时候，孙春兰同志做出了关键决策。方舱医院的建设，在防与治两个方面发挥了重要的、不可替代的作用，也为今后应对突发公共卫生事件、应对重大灾情疫情，迅速组织扩充医疗资源创造了一种新的模式。方舱医院的大规模使用，在我国医学救援史上具有标志性意义。之所以能够达到这样的效果，离不开党和政府的坚强领导、医务人员的积极努力、特别是武汉市广大市民的配合与患者的理解支持，使方舱医院始终运行平稳，医患关系和谐，不少方舱医院还建立了医患临时党支部，开展了许多有利于康复的活动。可以说，方舱是名副其实的生命之舱。2020-02-2818:21长江云记者：打好湖北保卫战、武汉保卫战，最要紧的是抓住城乡社区防控和患者救治两个关键。传染病的防控要做到关口前移，请问在社区防控方面，目前我们已经开展了哪些工作？对于整个疫情防控又起到了怎样的作用？谢谢。2020-02-2818:22马晓伟：社区防控是防控工作中的一个十分重要的方面，能不能从源头堵住传染病疫情蔓延，社区管控是十分重要的。正是因为后期社区管控工作的加强，武汉疫情防控工作形势才逐渐稳定下来。这个问题，我想请国家卫生健康委副主任于学军先生回答。2020-02-2818:22于学军：谢谢您的问题。我们每个人都生活在社区，社区是疫情联防联控的第一线，也是外防输入、内防扩散的前沿阵地。国家卫生健康委认真贯彻落实习近平总书记重要指示精神，坚决执行党中央、国务院的决策部署，按照中央指导组的要求，全力推进湖北省、武汉市开展社区防控工作，守住这道防线。首先是研究提出了一系列的社区防控具体措施，及早控制传染源，阻断传播途径。孙春兰副总理和中央指导组的同志们多次深入到一线，到现场开展调查研究，结合武汉市的疫情变化特点和防控工作实际，提出了一系列有效的社区防控措施，比如说对“四类重点人群”实行“五包一”的管理模式，这四类重点人，就是确诊患者、疑似患者、发热人员和密接人员，实行“五包一”就是一个社区干部、一个社区网格员、一个社区医务人员、一个社区民警、一个志愿者，五个人从不同角度帮助一个重点人员。对小区实施封闭管理、网格化管理。另外，比如说组织各级党政机关和企事业单位的党员干部5万多人、社区干部3万多人、志愿者5万多人，下沉到社区，开展拉网式的逐户排查，不留死角、不留空白，做到应收尽收。这样做的效果，就是通过分类指导、层层推进，逐步形成了社区联防联控、群防群控的局面，使关口前移，有效的控制了传染源，阻断了传播途径，也保护了易感人群。第二是通过组建社区防控的小分队等等方式，指导督促地方落实防控措施。按照中央指导组的要求，国家卫生健康委选派了疾控和社区专家与当地同志一起组成社区防控小分队，下沉到街道、社区，他们走遍了几乎所有的街道社区，通过答疑解惑、巡回指导，推动落实属地责任，及时发现问题线索，同时也总结好的经验和做法，帮助基层社区进一步落实防控措施。另外，国家卫生健康委还从湖北以外的其他省（区、市）选派了300多名实验室检测人员、环境卫生与消毒等方面的专业人士，协助湖北省、武汉市开展实验室的核酸检测，对重点场所、特殊场所、公共场所的清洁、消毒、通风进行检查指导。第三是组织多方力量，运用互联网和大数据技术，开展流行病学的调查。流行病学的调查，我们业内都简称流调，是传染病防控关口前移的基础性、源头性工作。湖北省、武汉市组织多方面力量，运用现代技术，开展流调工作，取得了很好的成效，对制定整体的防控措施起到了重要的支持作用。国家卫生健康委也按照中央指导组的要求，从湖北以外的省（区、市）选派了400多名流调人员，帮助指导湖北省特别是武汉市开展流调工作，夯实基础，为实现精准防控创造很好的环境。第四是加大技术指导和科普宣传力度，提升公众健康和自我保护意识。我们组织相关专家，编写了新冠肺炎基层防控指导意见，对于居委会、隔离点、社区卫生服务中心等各个防控单元提出了科学规范的指导意见和技术规范，对特定场所、特定人群的防控提出了有针对性的指导意见。我们还面向公众，编印了公众防护指南、公众心理疏导指南等方面的材料，通过线上线下等多种形式进行科普，特别是通过新媒体进行科普宣传，通俗易懂，喜闻乐见，受到社区居民的欢迎，通过大家自我防护意识的提高，减少了家庭聚集性疫情的发生。下一步，我们将认真贯彻落实习近平总书记的重要指示精神，充分调动群众自我管理、自我服务的积极性，进一步关口前移，将社区作为疫情防控的战斗堡垒，巩固来之不易的成果，与湖北省、武汉市人民一起努力，坚决打赢疫情防控的阻击战。谢谢。2020-02-2818:23中央广播电视总台CGTN记者：近日中国-世卫组织联合专家考察组先后在北京、广东、四川和湖北武汉四个地方考察，2月24日晚上在北京也举行了新闻发布会，请您介绍一下考察情况，考察组印象最深刻的是什么？2020-02-2818:24马晓伟：这个问题由我们中国和世界卫生组织联合考察组中方组长梁万年先生进行回答。2020-02-2818:25梁万年：谢谢。2月16日至24日，我们联合考察组的25位专家用了9天的时间，分别到了北京、湖北、广东、四川这四个省份，考察了定点医院、方舱医院、基层社区，包括相关部门，还有疾控机构等等，分别和政府官员、卫生防疫工作者、医务人员和社区医生，包括居民，很多方面进行了深入座谈交流，所到之处感受很深，也了解了很多具体实际的情况，最终形成一个联合考察报告。前几天，在北京做了一个联合新闻发布会，这个考察报告可能也很快就会发布出来。联合考察组专家们来了9天时间，有很多的体会和印象，我想大家感受最深的是三个方面。第一个方面，这种疾病是一个新的传染性疾病，传播速度快，有很多的未知数。按照传统的观念来说，没有疫苗可以预防，也没有特效药物可以治疗，似乎只能慢慢适应。对这种情况，中国政府采取了果断的措施，实行以围堵为主的策略措施。可以说，这种果断措施短短七周之内取得了明显的成效，遏制了疫情流行的态势，挽救了数十万人的生命健康，也为世界的疫情防控筑起了第一道防线。所以，中国政府采取的这种措施、策略，既果断也正确，更有效。第二个方面，随着防控的深入开展、疫情形势的变化，防控工作既坚持统一领导、统一策略、统一要求，同时又因地制宜，不拘泥于“一刀切”的做法。所以大家感受到，在疫情防控阶段，基于循证的科学证据，基于风险评估的结果，实行灵活的、地方化的、因地制宜的防控策略和措施的调整，是具有针对性的，是符合实际的，实践证明也是有效的。所以，这个给大家留下了深刻的印象。第三个方面，联合考察组的专家们都深刻感受到，中国这种非药物性的社会干预措施之所以取得显著成效，除了政府的果断决策和领导，除了专业部门和各个部门的努力，更重要的是广大人民群众的广泛参与，这充分体现了中国人民尤其是湖北人民、武汉人民高度的利他主义精神，大家团结一致，众志成城，形成合力。所以，传统的、经典的疾病流行控制方法，加上中国制度的优越性，加上全民的广泛参与，这就是中国的文化，再加上高科技手段的应用，这四个方面形成了强大的合力，这是一个中国的模式，也是一个中国的经验。谢谢。2020-02-2818:25袭艳春：最后一个提问。2020-02-2818:45经济日报、中国经济网记者：我的问题是，中央近日印发了进一步保护爱护医务人员若干措施的通知，提出了十个方面的举措。请问国家卫生健康委在关心爱护奋战在抗击疫情一线的医务人员方面采取了哪些措施？谢谢。2020-02-2818:45马晓伟：新冠肺炎疫情发生以来，广大医务工作者在中央统一部署下，舍小家、顾大家，临危不惧，义无反顾地冲在疫情防控和医疗救治第一线，展开了一场感天动地的生命大救援。各地累计派出4万多名优秀的医务人员，同湖北、武汉当地医务工作者一道，争分夺秒与病魔展开了殊死斗争，留下了无数可歌可泣的故事，创造了一个个生命的奇迹。有超过2000多名医务人员确诊感染了新冠肺炎，有多名医生、护士以身殉职，他们把自己全部的专业技术、辛勤汗水、以至宝贵生命献给了荆楚大地，谱写了一曲震撼人心的抗“疫”乐章。这里，我向不幸去世的同胞、牺牲的医务人员表示深切的悼念。这场严峻的抗疫斗争，是对新时代医疗卫生工作者的精神风貌、职业操守、意志品质的一次集中检验，也是对多年来医学专业学科发展、技术进步、应急能力提高以及组织管理工作的一次集中检验。医疗卫生工作者向党和人民交上了满意的答卷，以实际行动诠释了“敬佑生命、救死扶伤、甘于奉献、大爱无疆”的崇高精神，并进一步丰富了内涵，升华了价值。这种精神体现在他们长期以来以病人为亲人，恪尽职守，爱岗敬业上；体现在他们对技术精益求精，知难而进，为患者解除病痛上；体现在抗击重大灾情疫情的危难时刻上。越是在这种生死关头，越能折射出广大医疗卫生工作者践行初心、不辱使命的人格光辉。实践一次又一次证明，这是一支政治坚定、技术优良、医德高尚，党和人民可以信赖的队伍，这是一支英雄的队伍。这样一群人民健康的守护者、最可爱的人，得到了全社会的理解和关爱。前几天，习近平总书记作出重要指示，强调医务人员是战胜疫情的中坚力量，务必高度重视对他们的保护、关心和爱护，从各个方面提供支持保障。中央应对疫情工作领导小组印发《关于全面落实进一步保护关心爱护医务人员若干措施的通知》，内容具体实在，我委出台了落实《通知》的指导意见，正在会同相关部门和地方党委政府加快落实，一定要把这件事情办实办好，把党中央的关怀和温暖传递给每一位奋战在一线的医务工作者。关于这方面工作的具体措施落实情况，我想请卫生健康委医政医管局焦雅辉副局长来作说明。2020-02-2818:46焦雅辉：谢谢您的提问。国家卫生健康委高度重视关心关爱医务人员工作，前期已经印发了《关于改善一线医务人员工作条件切实关心医务人员身心健康若干措施》，在中央应对新冠肺炎疫情工作领导小组印发《关于全面落实进一步保护关心爱护医务人员若干措施的通知》后，国家卫生健康委迅速行动，会同相关部门出台了相关的文件，采取了一系列措施，主要包括以下几个方面：首先，在薪酬待遇方面，我们会同相关部门出台了相关的政策，对于在湖北一线的医务人员，包括医疗队的医务人员，要将临时性工作补助的标准提高一倍，薪酬水平提高两倍，扩大卫生防疫津贴发放范围，确保覆盖全体一线医务人员。2月25日，人社部和财政部也印发了相关的文件，来调整卫生防疫津贴标准。在执业安全方面，出台了相关的政策，严厉打击在疫情防控期间涉医违法犯罪行为，为医务人员提供安全的执业环境。并且我们会同相关部门，从全国调集相关防护用品，对医务人员开展院感防控的培训，加强医务人员执业安全防护，降低医务人员感染的发生。对于已经感染的医务人员，积极采取措施，给予医疗救治。在生活保障方面，我们积极筹措资金，为医务人员特别是医疗队队员发放必要的生活用品，包括一些洗护用品，还有卫生用品等等，现在资金的筹措、物资的采购，以及配送发放工作正在落实当中。为了保证医务人员能够有充足的精力，在隔离区开展工作，我们会同武汉市就近安排医务人员的住宿宾馆和酒店，并且专门安排了车辆接送这些医务人员上下班。此外，我们也采取了措施，加强医疗队医务人员轮休和休整，我们还在全国抽调了300名心理医生，编组到医疗队当中，为一线医务人员提供心理疏导。据我们了解，全国各地也在医务人员的工伤认定、职称评定以及医务人员家庭困难帮扶方面采取了很多有效措施和办法。国家卫健委也要求我们派驻在各省的工作组加大对各省的督导和指导力度，确保这些关心关爱医务人员的政策措施落地见效。谢谢。2020-02-2818:47马晓伟：最后，我在这里通报一个情况：近日，经党中央批准，卫生健康委将与人社部、国家中医药管理局联合评选表彰一批全国卫生健康系统新冠肺炎疫情防控工作先进集体和先进个人，表彰将向基层一线、向高风险岗位倾斜。这次表彰更多体现出“战地表彰”的特点，即不等到抗疫取得最后胜利再进行表彰。这次是第一批表彰，以后还要陆续开展表彰工作，就是要激励广大医务人员，始终保持强大的战斗力、昂扬的斗志和旺盛的精力，持续健康地投入到抗击疫情的斗争中。谢谢。2020-02-2818:47袭艳春：好，再次感谢几位发布人，也谢谢大家，今天的发布会到此结束。2020-02-2818:48中央指导组指导组织湖北疫情防控和医疗救治工作进展发布会现场,2020/2/28,新冠肺炎 疫情防控 医疗救治
新华社日内瓦2月27日电（记者凌馨沈忠浩）世界卫生组织总干事谭德塞27日在日内瓦表示，全球新冠肺炎疫情防控正处于“决定性”时刻，各国都应制定“全方位”的疫情防控方案。　　在当天的世卫组织例行记者会上，谭德塞强调：“我们正处在决定性的时刻。在过去两天里，中国以外的世界其他地区报告的新增确诊病例数已经超过了中国的新增确诊病例。”　　谭德塞说，疫情防控方面的积极信号是，当采取像中国那样的防控措施时，可以看到病例数确实在下降并最终可以得到控制；同时，世界其他地区病例却在增多，尤其是在伊朗、意大利和韩国等地出现了大量病例。“整体而言，我们确实处在一个非常微妙的境地，疫情可能朝任何方向发展，而这将取决于我们如何应对”。　　谭德塞表示，世卫组织提倡采取“全方位”的疫情防控方案，即“每一个国家必须同时为所有可能发生的情况做好准备”，为本国可能发现的零散病例、聚集性病例、社区传播乃至持续社区传播做好准备。他强调，任何国家都不应抱有本国不会出现病例的侥幸心理。　　谭德塞指出，世卫组织正在提供各种有关工具，帮助相关国家做好相应准备，例如已经向57个国家运送了检测试剂盒，向85个国家运送了个人防护装备，通过网上课程以多种语言培训了8万多名卫生工作者。世卫组织还发布了操作指南，指出了8个关键领域里可以采取的具体行动，帮助各国预防、发现和管理病例。　　他强调，只要采取正确的措施，疫情就可以得到遏制。“这是来自中国的关键信息之一”。（来源：新华网，2020年02月28日）,2020/2/28,新冠肺炎 疫情防控
2月28日下午，世界卫生组织西太区主任葛西健召开西太区防范新冠肺炎（COVID-19）社区传播指南特别吹风会。日本、韩国、越南等国家部长级代表，本区域成员国家和地区高级官员、专家等40余人参会。我委应急办、国际司和中国疾控中心参会并发言。　　世界卫生组织西太区官员首先介绍了本区域疫情现状和模型分析。总干事高级顾问艾尔沃德回顾了中国—世界卫生组织联合专家考察组的主要发现、中国做法和经验，特别是分类分级防控措施。会议随后发布了西太区防范新冠肺炎社区传播指南。与会各国就疫情防控和加强信息分享等进行了交流。,2020/2/28,新冠肺炎 疫情防控
为进一步做好新冠肺炎疫情防控工作，指导地方切实做好新冠肺炎应急救治设施建设和安全运行，国家卫生健康委会同住房和城乡建设部编制印发了《新冠肺炎应急救治设施负压病区建筑技术导则（试行）》（以下简称《导则》）。　　《导则》是根据《综合医院建筑设计规范》GB51039、《传染病医院建筑设计规范》GB50849等国家现行有关标准、规范和《新型冠状病毒肺炎应急救治设施设计导则（现行）》等有关要求制订的。《导则》适用于新冠肺炎疫情期间应急救治设施负压病区的新建和改造，明确了负压病区的主要构成，规范了负压病区建筑设计、结构、给水排水、供暖通风及空调、电气及智能化、医用气体等多方面设计要求和技术参数，并提出了负压病区日常运行维护相关要求。　　各地可结合防疫工作和实际需要，在新冠肺炎应急救治设施的新建和改造中参照执行，确保相关设施安全、高效运行，为一线医护工作者提供安全可靠的工作环境，为患者提供舒适便捷的就医环境，全力保障疫情救治需要。　　相关链接：关于印发新冠肺炎应急救治设施负压病区建筑技术导则（试行）的通知,2020/2/28,新冠肺炎 疫情防控 医疗救治
时　间：2020年2月28日地　点：北京国二招宾馆主持人：米　锋国家卫生健康委新闻发言人、宣传司副司长嘉　宾：吴远彬科技部社会发展科技司司长　　　　郭燕红　国家卫生健康委医政医管局监察专员　　　　崔　钢国家卫生健康委疾控局二级巡视员吴曼青中国工程院院士　　　　王贵强北京大学第一医院感染疾病科主任主持人:各位媒体朋友大家下午好！我是国家卫生健康委新闻发言人、宣传司副司长米锋。欢迎参加国务院联防联控机制举办的新闻发布会。习近平总书记强调，要继续毫不放松抓紧抓实抓细各项防控工作，及时总结推广有效诊疗方案。李克强总理在中央应对新冠肺炎疫情工作领导小组会议上提出了明确要求，要细化重点人群疫情防控措施，不断拓展疫情防控形势积极向好态势。今天发布会的主题是：新冠肺炎的防控和医疗救治。我们请来了国家卫生健康委医政医管局监察专员郭燕红女士，疾控局二级巡视员崔钢先生，科技部社会发展科技司司长吴远彬先生，中国工程院院士吴曼青先生，北京大学第一医院主任医师王贵强先生，就重症救治、疫情防控、科技应用、疾病特点等来回答媒体提问并介绍健康知识。2020-02-2815:00:13主持人:首先，通报一下疫情情况。2月27日0时—24时，各省（区、市）和新疆生产建设兵团报告：新增确诊病例327例；新增死亡病例44例，其中湖北41例，北京2例，新疆生产建设兵团1例；新增疑似病例452例。当日新增治愈出院病例3622例；解除医学观察的密切接触者10525人；重症病例减少394例。截至2月27日24时，据各省（区、市）和新疆生产建设兵团报告：现有确诊病例39919例，其中重症病例7952例；累计治愈出院病例36117例，累计死亡病例2788例，累计报告确诊病例78824例，现有疑似病例2308例。累计追踪到密切接触者656054人，尚在医学观察的密切接触者65225人。湖北新增确诊病例318例，其中武汉313例；新增治愈出院病例3203例，其中武汉2498例；新增死亡病例41例，其中武汉28例；现有确诊病例36829例，其中武汉30179例。这里面重症病例7633例，其中武汉6775例。累计治愈出院病例26403例，其中武汉15826例；累计死亡病例2682例，其中武汉2132例；累计确诊病例65914例，其中武汉48137例。新增疑似病例332例，其中武汉295例；现有疑似病例1989例，其中武汉1488例。累计收到港澳台地区通报确诊病例135例，其中香港特别行政区93例；澳门特别行政区10例；台湾地区32例。2020-02-2815:02:07主持人:除湖北以外，其他省份新增确诊病例9例，新增疑似病例120例，新增死亡病例3例，重症病例数减少43例。除湖北外其他省份，和湖北除武汉外的其他地市，新冠肺炎新增确诊病例数，首次双双降至个位，防控形势积极向好。下一步，仍要毫不放松做好社区防控和医疗救治等工作，积极应对，严密防范，全力阻止疫情反弹。以上是疫情情况。下面进入今天的现场提问环节，请记者朋友围绕发布主题提问。提问前请先介绍一下所在的新闻机构。2020-02-2815:02:30香港经济导报记者:广东、四川、湖北、湖南等地出院病例出现了复检核酸阳性的情况，请问这些人员是否具有传染性？我们现在对这些人员如何管理和防控？谢谢。2020-02-2815:03:38郭燕红:谢谢记者的提问。正如您所说确实出现了这样的情况，随着治愈患者不断地增多，为了及时了解患者出院以后的康复状况，我们在2月17日下发文件，要求各地对出院患者进行跟踪随访和健康管理。这个过程中，部分省报告治愈出院患者，在复诊过程中发现有核酸检测阳性的情况。我们高度重视，组织专家对这个问题进行研究，同时也加强对这部分病例的连续监测。通过监测发现，这部分患者没有再发生传染别人的现象，另外有一部分患者再检测新冠病毒核酸时又转为阴性。新冠肺炎病毒是一个新病毒，它的致病机理、疾病的全貌和病程的特点还需要进一步加深认识。所以我们一方面要进一步加强对出院患者的管理，现在我们要求要进行14天的医学观察，同时在实施14天医学观察当中加强跟踪随访、健康监测和健康指导，同时我们组织专家对这种情况进行进一步研究，对疾病的发生、发展、转归的全程进一步加深认识。2020-02-2815:04:36中国日报记者:现在各行各业都有序进行复工复产，个人防护愈加重要，但有专家和媒体报道，提到新冠病毒有多种传播途径，包括飞沫接触、粪口、气溶胶传播等等。请问，科研人员认为现在最主要的传播途径有哪些？公众应该如何做好个人防护？2020-02-2815:14:10吴远彬:谢谢记者的提问，这也是大家一直关心的一个问题，弄清楚病毒是如何传播，是做好我们整个防控的重要基础。科研攻关组在一开始就将传播路径的研究作为科研攻关的重点进行了部署，委托了中国疾控中心、中国医科院这样一些单位来进行传播路径的研究。包括刚才记者所提到的飞沫传播、接触传播、粪口传播、气溶胶传播等多种形式，在这方面的研究持续进行。到目前为止研究的结论显示，呼吸道飞沫和密切接触传播仍然是新冠病毒的主要传播路径，这个结论也体现在我们修编的第六版的诊疗方案当中。前一段时间，世卫组织专家经过考察也是这样认识的。在研究过程中有一些团队也从新冠病人粪便标本当中检测到新冠病毒毒株，这也提示在粪口传播中是具有一定风险的，但是传播的能力和条件还需要进一步的开展相应的研究证实。针对气溶胶传播的问题，中国医科院实验动物所也开展了相应的传播实验，也提示气溶胶传播要同时满足密闭空间、较长时间、高浓度病毒这三个条件，在极端条件下才有气溶胶传播的可能性，这对我们普通人来讲，在通风条件良好的日常生活环境当中，传播的可能性是很小的，几乎没有气溶胶感染风险。这是目前关于这方面研究的基本结论。结合这些基本结论，特别是在当前疫情发展态势积极向好，但仍然是疫情防控的关键时期，要把防疫和复工的关系处理好，既要坚决防止疫情的死灰复燃，又要有效地做好复工复产，就需要根据刚才说的这些研究的基本结论做好相应的防护工作。最近媒体和专家也都提到，在超市、农村赶集等这样一些人员密集场所不要麻痹大意，要做好个人防护，戴口罩，勤洗手，做好个人卫生，防止通过呼吸道飞沫和密切接触传播。二是相对密闭的空间，除了做好个人防护外，也要加强通风，并注意环境消毒，保持下水道的通畅。三是在开放的空间，比如说在农村的田间地头、空旷通风的工厂车间、人流较少的开放空间，不用过度防护，要正常工作。所以只要我们坚持正确地认识、科学地防护，就可以做好防疫和复工生产两方面的兼顾。谢谢。2020-02-2815:14:23新华社记者:最近随着全国复工复产的加速，人口流动的规模也在快速上升，特别是一些用工大省，比如江苏、广东、浙江等等，这些地方的人口流动规模肉眼可见地在增加，想问现在在疫情应对措施上有没有进一步加强的措施，以防止在用工人口流入大省，聚集性疫情的发生？谢谢。2020-02-2815:22:47崔钢:大家最近对于复工复产以后出现的局部发生的聚集性疫情非常关心、关注。吴司长针对这个问题也已经作了一些介绍，这个问题国家卫生健康委高度重视，组织相关部门、相关专家开展专题分析、研究，按照党中央国务院科学防治精准施策分区分级防治的战略部署，我们通过联防联控机制下发了进一步做好聚集性疫情防控工作的紧急通知，进一步动员和部署。主要包括几个方面：一是要求各地在复工复产之前一定要确保各项防控措施落实到位，每一个细节、每一个关键的步骤都要落实到位。特别是要做好“四早”即：早发现、早报告、早隔离、早治疗，这是综合防控的重中之重。二是复工以后把现有措施做实做细，包括每天开展的体温检测、健康监测，我们提倡有条件的单位错时上下班、在家远程办公、分散就餐、提供盒饭等，包括在电梯里的细小环节，都要认真仔细的落实到位。三是为指导重点人群、重点场所、重点机构，比如机关、企事业单位、大中学校、托幼机构、福利单位、养老机构等等各类的机构，国家卫健委组织专家出台制定有针对的涉及各个领域的生产生活的防控技术指南，我们一方面提供给各个省的联防联控机制，另外在我们网站上广泛刊登，以方便大家及时地了解和掌握这些信息。四是一旦发现有可疑病例要及时报告，配合各部门采取一系列措施，包括隔离、流行病学调查、消毒等一整套的完整措施。最后还要强调一点，企事业单位还要加强宣传和健康教育，一方面广大职工有义务配合单位主动落实各项防控措施，另一方面要加强防控意识，一定要做好自我防护，把这些措施大家共同落实到位。谢谢。2020-02-2815:23:01凤凰卫视记者:新冠肺炎康复者的血浆治疗已经有初步效果，也有患者已经出院。请问首批接受血浆治疗的患者现在身体状况怎么样？这种治疗方法是否对所有重症以及危重症患者都适用？谢谢。2020-02-2815:26:16郭燕红:现在大量临床研究和临床实践证明新冠肺炎康复者血浆，通过它的特异性抗体中和新冠病毒，所以利用康复者恢复期血浆治疗过程当中，可以说取得了比较好的效果，它的安全性和有效性得到了大家一致公认。我们在推进康复者恢复期血浆治疗新冠肺炎过程中，一方面我们制定了相关诊疗方案，在献血浆者的招募，以及血浆的采集、制备，以及治疗过程中的适应症的把握都提出了一些规范。截止到目前，全国已经采集了544人次的血浆用于245例患者的临床治疗。在患者临床治疗过程中，据对超过48小时共157例患者的监测观察，这157例患者中有91例的临床指标和症状都有一些改善。为加强对血浆治疗的指导和规范，在国家层面成立了国家专家组，国家专家组一方面不断完善治疗和诊疗方案和规范，另一方面加大对这些病例的分析和监测。在省级也成立了省级专家组，省级专家组主要负责全过程的质量控制。恢复期血浆治疗在临床有一定的效果，我们也联合中宣部、中央网信办、中国红十字总会、中央军委后勤保障部卫生局等相关部门，进一步出台政策，激励和鼓励更多的治愈出院患者能够献出自己的血浆，去治疗和使得更多的重症和危重症患者看到康复的希望。对于血浆治疗的有关情况还请贵强主任再作个补充。2020-02-2815:26:30王贵强:正像刚才郭局长提到的，康复者的恢复期血浆治疗是新冠病毒感染的重要治疗手段之一，前期工作已经证明在恢复期血浆中存在综合抗体，所以在恢复期血浆输出前建议对综合抗体进行检测，达到一定水平，可能会获得更好的治疗效果。第二方面，现在出院病人越来越多，大量的病人陆续在出院，我们希望更多恢复期出院患者踊跃地提供血浆，为重症和危重症患者救治贡献一份力量，也为进一步降低病死率提供一定的保障。谢谢。2020-02-2815:26:55光明日报社记者:我们看到一些高科技的产品在这次疫情防控中得到很大应用，能否具体介绍一下人工智能、大数据等技术在疫情防控中发挥了怎样的作用？谢谢。2020-02-2815:35:27吴曼青:我们积极落实习近平总书记的重要指示，利用大数据技术来支撑抗击疫情的有关工作。前期基础电信企业利用大数据分析技术聚焦一些重点地区、重点省份，特别是聚焦关键时间节点提供了人员的流动信息以及疫情态势。中国电子科技集团，建立了风险人群感知大数据平台，用于对疫情发展发展趋势的分析，研发了密切接触者测量仪，其实我们每个人只要输入自己的姓名和身份证就能知道自己是不是一个密切接触者。我也关注到中国信息通信研究院，研发了重点医疗物资的保障调度平台，极好实现了保障和调度的有效性和实时性。我们看到海康威视、百度、旷视以及云天励飞等等，他们研发了各种各样的红外测量设备，包括与人工智能相结合，可以快速识别谁是发热后患者，这样有效地增加了流动的速度，提高了一些效率。还有一些互联网企业研发了人工智能的辅助诊断的手段，提高诊断效率。整体来看，大数据技术在抗击疫情工作中发挥了特别积极的作用。我们昨天关注到央视网做了一个直播叫“为天使护航”，讲的是用智能无人投送系统在武汉，特别是在金银潭医院以及重庆地区开展了一些无人的非接触式的物资的投送工作，减少投送的风险。我们还看到了一些互联网企业提供的免费的算力，支撑药品的筛选以及病毒疫苗的研发，这些都是非常积极的探索。大家也都很关注病毒的溯源，其实大数据技术正在发挥积极的作用。当前我们正在全力以赴利用大数据技术支撑复工复产的各项工作，主要是要支持复工复产目前的态势、人员的流动情况、物资供需的对接，用工对接，以及运输的调度，我们想要做实做细做落地，落实好总书记分区分级精准复工复产的指示要求，在这个过程中我们也碰到了数据共享交换难的问题。当然我们更多地看到了大数据技术在服务社会治理方面的巨大潜力和我们努力的方向。下一步，我们还是应该用大数据技术、人工智能技术等一些新技术，一方面支撑疫情防控，一方面支撑复工复产，从长远情况来看，我们应该进一步致力于公共应急卫生应急管理体系的建设，在这方面发挥更多的作用。谢谢。2020-02-2815:35:37中国医学论坛报记者:中央指导组提出对于新冠肺炎要坚持轻症与重症并重，从已经公布的诊疗情况看，一些患者可能在三到五天内病情突然加重，有些专家认为轻症阶段的治疗非常重要，是在和死神赛跑。请问阻止轻症发展为重症的过程中，目前有没有比较好的措施和手段？谢谢。2020-02-2815:36:38郭燕红:谢谢这位记者，确实是这样，在整个医疗救治过程中对轻症的病人的治疗非常重要。在医疗救治中我们推进关口迁移，就是要提早实施干预措施，一方面加强对轻症的及早治疗，同时在治疗过程中尽可能减少轻症向重症的进展，大大地提高治愈率。为加强医疗救治，我们对轻症管理中：一是落实“四早”，真正落实到发现一例检测一例、确诊一例治疗一例，能够尽可能让患者及早地进入到治疗的过程。一方面及早收治，另一方面也能够降低或者阻止他在家庭和社区内的传播。同时，通过早诊早治也尽可能的提高治愈率。其次，在加强轻症治疗过程中，我们组织专家对积极加强研究，对重症临床预警指标进行研究、分析、制定，临床上通过对这些临床预警指标的监测能够提早进行干预的治疗，从而大大地降低轻症向重症的转化，重症向危重症的转化，大大提高治愈率。此外，我们先期在湖北武汉在轻症管理治疗经验的总结上，我们专门颁布实施了轻型、普通型新冠肺炎治疗的诊疗方案，提供给全国，供大家在轻症患者治疗过程规范和参考，提升轻症患者治疗的水平，不断提升治愈率、降低病死率。谢谢。2020-02-2815:36:59中央广播电视总台央视记者:关于药品临床试验的问题，最近有媒体报道说现在从疫情发生后有200多项的临床试验注册，其中很大比例是关于药品的，据我所知我们只有5款药品有临床试验资格，但有7个药品正在做临床试验。我们了解到一些情况，武汉一些医院甚至出现了病人不够用临床试验太多，在抢病人的情况。我们寻找药物是为了更好地治疗。但是这样规模的临床试验是不是反而干扰治疗，影响病人救治。科研攻关组对这个事情怎么看？另外大家最近比较关注老药新用的问题，老药新用应该怎么正确的开展？谢谢。2020-02-2815:43:19吴远彬:疫情发生以来，不少医疗机构都开展了关于药物的临床研究，希望能够选择有效的药物用于临床的治疗。我们初步统计了一下，在中国临床试验注册中心注册的临床研究大概有234项，其中药物的临床研究105项，另外还有一些涉及到检测试剂、器械等等方面的。在药物研究当中包括中药、化学药物、生物药，这些药物绝大部分都是已经上市的药物，就是刚才记者所谈到的“老药新用”，具有一定的安全保障。正像刚才记者所谈到的，太多的药物实验也可能存在浪费资源的问题，甚至可能影响患者的治疗。所以我们在攻关过程中，也在加强组织，希望科学有序高效的寻找好的药物。近期国家卫健委、科技部、国家药监局几家共同研究制定了《关于规范医疗机构开展新型冠状病毒肺炎药物治疗临床研究的通知》，这个《通知》本身就是想进一步统筹规范已上市药物的临床研究工作。在《通知》中进一步强调了几个方面：一是进一步明确开展研究的条件。开展临床研究的药物应该为已上市药物，并且经过体外实验和动物实验验证有效。研究的机构应该是县级以上新冠肺炎救治定点医院，其中包括方舱医院。对研究的责任人也提出了相应资格要求，应该是副高以上的执业医师，能对可能出现的风险制定预案和管理的措施。二是进一步规范研究的程序，开展药品临床研究的医院和负责人要按照医疗机构开展临床研究项目管理的办法要求，进行伦理审查、立项，并按要求备案，开展全过程的质量控制和风险管控。相应的卫生和科技行政管理部门也要及时地收集辖区内医疗机构和科研机构开展和将要开展药物临床研究的信息，及时上报到科研攻关组。科研攻关组将统一协调医疗机构来承接推荐药物的临床研究任务，并统一发布药物临床研究相关信息，强化统筹资源，提高研究的整体效率。三是要有序加快应用。科研攻关组将效果较好的药品推荐至联防联控医疗救治组，由医疗救治组研究是否扩大使用范围或者纳入到诊疗方案。刚才回答问题中，恢复期血浆就是前期通过一些研究之后认为是有效的治疗方法，纳入到相应治疗方案。第六版指南中把磷酸氯喹纳入其中，也是前期通过研究后根据效果提出来的。这样就把一些药物，一些好的诊疗方案纳入其中。下一步将通过规范、科学有序高效的药物临床研究来筛选出更多管用的药物。谢谢。2020-02-2815:43:40北京广播电视台记者:随着湖北之外新增确诊病例保持低位，最近一些天在一些地区出现了扎堆的现象，比如说集中喝茶、去旅游景点，有公共卫生专家接受记者采访时表示说“零增长地区再观察28天才能放心”，我想问为什么要再观察28天，什么样的情况下意味着我们可以回到正常的生活轨道中？谢谢。2020-02-2815:44:32崔钢:谢谢你的提问，这个问题是目前大家都非常关心关注的。刚才米锋先生向大家通报了全国最新的疫情情况，大家可以看到从近几天疫情的数字，随着我们采取一系列有效的公共卫生干预措施，我们整个防控工作形势持续向好。另一方面湖北武汉当前的防控形势依然非常严峻和复杂，其他省份既要巩固前期的防治成果，同时还要防止疫情的反弹。这意味着什么呢？就是说在全国层面在疫情没有彻底得到控制的前提下，我们要坚决地按照党中央、国务院科学防治、精准施策、分区分级的要求，继续落实好防控工作。要按照高、中、低风险等级来制定差异化的县域防控措施，在低风险区域全面地恢复生产生活秩序，在中风险地区结合疫情防控形势逐步有序地恢复到正常的生产生活状态；对于高风险地区，当前最主要的任务是集中精力落实各项防控措施。所以还是要认真落实好分区分级的政策。刚才提到，这次的新冠肺炎是新的突发传染病，是呼吸道传染病，人群没有免疫力，普遍容易感染，所以当前阶段建议大家千万不要放松警惕，依然要持续地做好个人防护。谢谢。2020-02-2815:44:48中新社记者:有专家已经在媒体上表示，新冠肺炎实际上是一种自限性疾病，但截至目前死亡总病例人数已经超过2700人了，相较于传统意义上的自限性疾病，新冠肺炎有哪些特点呢？谢谢。2020-02-2815:48:28王贵强:谢谢这位记者的提问。前一段也讨论过这个话题，首先我们强调自限性疾病绝对不是不治疗就好的病或不治而愈的病。自限性疾病在传染病的意义上，本意是不通过治疗，它的病原学就可以自限，新冠肺炎就有这个特点，属于急性的一个呼吸道传染病，它通过机体免疫可以有效地控制病毒复制，最终病毒被清除掉，不会变成慢性。当然自限性疾病还有一个概念，大部分病人不需要治疗就可以自愈。新冠肺炎病人来说，有少部分病人确实可以导致死亡，尤其一些老年人有基础病出现并发症导致病人的重症或者死亡。新冠病毒感染还有一个特点就是有一少部分轻型病例突发急剧的进展，目前对这种病因还不是特别清楚，可能和一个剧烈的炎症因子风暴等相关，所以我们强调对轻型的病例的救治也不能掉以轻心，就像刚才郭燕红女士提到的对所有病人都应该早诊早治，早干预，避免进展为重型的风险。所以，对新冠病毒而言我们强调一旦发现及时到医院救治，避免病情的恶化。现在很多公众和媒体提到自限不需要治疗，这是一个误解，应该纠正，不要使公众认为新冠病毒感染是自限性疾病不需要看了，在家挺一挺就过去了，这是非常错误的，一定要纠正这种观念，应该强调及时救治。还有一点是一旦染病就要到医院有效隔离，避免进一步传播的风险，这也是我们强调及时到医院诊断治疗的非常重要的一个方面。谢谢。2020-02-2815:48:57主持人:时间关系，最后再提一个问题。2020-02-2815:49:29东方卫视记者:国家卫健委发布的疫情数据显示，目前已经累计治愈出院患者超过3.6万人，这些已经治愈患者病例和自身有哪些特点？主要集中在哪些人群？已经治愈患者的病例有没有值得借鉴和推广的地方？谢谢。2020-02-2815:53:20郭燕红:谢谢这位记者的提问，正像您所说现在治愈出院患者越来越多，已经有3.6万的治愈患者出院，占我们累计确诊病例的45.9%。我们也加强对治愈出院病人整体病例情况的分析，现在已经分析了8400多份病例，通过这些病例分析我们看到，在临床分型当中轻型和普通型占比，占90.8%；重型的占比是7.2%，危重症占2%。从人群分布来看，轻型病例的平均年龄是43岁，重型危重型患者平均年龄是53岁。大家可以看到重症患者，更多累及的是年龄比较大的人群。从并发症来看，这8000多例治愈患者当中有一种以上基础疾病的有1133例，占13.5%，有两种以上基础性疾病的有242例，占2.8%。这也提示我们，对于有基础性疾病的患者即便是重症患者通过加强救治，也能够把他很好地治愈。对于临床诊疗方式来讲，采用抗病毒治疗的占85%，还可喜的看到接近40%的病人是接受了中西医结合的治疗。对于轻症的治疗手段，更多地是注重一般治疗、对症治疗、抗病毒治疗以及水、电解质平衡问题，还包括营养支持。对于重症的治疗来讲，更多是运用综合治疗手段和多学科的诊疗方式。在重症治疗过程中特别关注了他的呼吸支持、循环支持以及器官功能支持，还有防止并发症和积极的治疗基础性疾病，以及预防继发感染。通过对轻症病人和重症病人治疗方法的总结，也会将当中行之有效的治疗方法和经验，在修订诊疗方案时纳入到诊疗方案之中，以指导全国的救治工作。谢谢。2020-02-2815:53:35主持人:现场答问就到这里，接下来有请王贵强先生介绍健康知识。2020-02-2815:59:29王贵强:有两个大家提到的问题，第一个问题什么是聚集性发病？聚集性发病是临床上症候群监测重要的一个术语，传染病监测过程中通过一些症候群、聚集性发病来判断可能的传播风险。新冠病毒感染中，聚集性发病的定义强调在两周之内小范围，比如办公室、家庭、班级等这样的范围内出现2例或者2例以上有发热和/或呼吸道症状的病例就叫聚集性病例。对这样的病人要进行关注，如果有其他临床表现就可以进行核酸检测，及时发现新冠病毒感染。症候群监测是传染病非常重要的一个预测预警系统，我们监测聚集性腹泻，可以发现消化道传染病可能的风险。上吐下泻的病人聚集性发病了，可能是食物中毒等，要进行监测。所以聚集性病例对传染病监测是至关重要的。第二个问题，问有什么药物可以提高免疫力，预防感染？对于各种病原微生物的感染，如果肌体的免疫状态很好的话是可以有效地抵御的。我们肌体的免疫对病原微生物感染的控制分为屏障阻隔、先天性或者天然的免疫，还有一点是获得性免疫。屏障阻隔，比如破损的皮肤黏膜就给病原微生物侵入肌体有机可乘的空间，所以皮肤黏膜损伤以后病原体可能侵入肌体，造成感染。天然免疫是指病原微生物进入到人体后，比如上呼吸道、肠道，天然免疫是像哨兵一样，一看不认识的，不是肌体固有的物质，都有一个清除的机制，通过单核巨噬系统等来发挥作用，临床可能出现发热等，就是一线防御系统启动了。如果一线防御系统没有阻挡住，病原体进入体内进入细胞内再释放出来，这时候天然免疫就很有限，就靠特异性免疫或者获得性免疫，这时候特异性的攻击对病原微生物感染的细胞有强力攻击，清除这些病原微生物的感染，当然这个过程中也会导致疾病的发生和发展，所以保持良好的免疫状态，抵御病毒微生物感染是非常重要的，但是现在没有特别明确的药物能够真正使免疫力上调，我们还是强调均衡饮食、适合的运动、良好的精神状态，都是保持良好免疫状态非常重要的。所以建议公众不要盲目吃各种保健品、各种药物，因为可能有药物性损伤的风险，还是要通过均衡饮食、良好心态、适当运动来提高整体免疫水平。2020-02-2817:12:34主持人:谢谢几位嘉宾。我们明天的发布会将围绕新冠肺炎治疗和患者康复来回答大家的问题，欢迎大家继续关注。今天的发布会到此结束，谢谢大家！2020-02-2817:12:54国务院联防联控机制2020年2月28日新闻发布会现场,2020/2/28,新冠肺炎 疫情防控 医疗救治
2月28日下午，委国际司有关负责同志应约会见德国驻华使馆副馆长、公使雷宇翰（JohannesRegenbrecht)，委疾控局派员参加。双方就新冠肺炎疫情进展、防控举措和中德卫生健康合作等开展交流，并就下一步拓展政策和技术沟通交换意见。,2020/2/28,新冠肺炎 疫情进展
为深入贯彻中央领导同志关于新冠肺炎患者救治工作的指示批示精神，国务院应对新型冠状病毒肺炎疫情联防联控机制印发《关于印发进一步加强新冠肺炎康复者恢复期血浆救治工作方案的通知》（以下简称《通知》），全面推进康复者捐献血浆用于重症、危重症患者救治工作，进一步完善激励政策、提升服务质量，保障捐献血浆者和患者安全，鼓励更多康复者捐献血浆，提高重症、危重症患者治愈率，降低病死率。　　做好新闻宣传和动员工作。积极宣传康复者血浆对于挽救重症、危重症患者生命的重要作用，宣传捐献血浆对人体无害、捐献者享受无偿献血的荣誉待遇等激励政策，弘扬献浆救人大爱无疆的人道主义精神。地方各级应对新型冠状病毒肺炎疫情联防联控机制（领导小组、指挥部）应当指导血站、医院等单位及社区深入开展宣传动员，为康复者捐献血浆营造良好社会氛围，地方各级红十字会要组织志愿者积极参与志愿服务工作。　　明确捐献血浆的激励措施。恢复期血浆捐献者享受无偿献血荣誉待遇，颁发国家卫生健康委、中国红十字会总会和中央军委后勤保障卫生局三部门统一制作的捐献证书，鼓励地方制订出台符合当地实际的激励政策，推动自愿无偿捐献血浆。地方各级卫生健康行政部门、红十字会应当对于社会给捐献血浆者的捐赠加强管理和引导。　　做好献浆服务。地方各级卫生健康行政部门、军队有关卫生部门应当指导血站与医院建立协作机制，科学合理设置捐献血浆点，规范开展康复者临床评估，对捐献血浆者开展“一对一”的服务，做好捐献血浆者服务和随访。充分尊重捐献血浆者知情同意权和个人选择权及个人隐私。地方各级红十字会组织志愿者配合有关部门参与咨询、服务、随访等工作，中国生物技术股份有限公司应当提供血浆采集设备和技术支持，配合血站开展血浆采集、制备工作。　　实施全程质量控制。成立国家级专家组，指导各省份做好血浆治疗工作，开展技术风险及效果评估，提出相关建议，总结临床治疗经验，优化完善治疗方案，进一步提升重症、危重症患者治疗效果。各相关单位在康复者临床评估、血浆采集、检测、制备、储存运输等实施全程质量控制。加强科研管理。承担此次疫情防控科研任务的单位应当严格遵守科学研究相关法律法规和伦理要求，完善研究设计、实施方案，全面收集研究数据和信息，并将阶段性研究成果及时向科技部、国家卫生健康委报告，健全从科学研究到临床应用的工作机制。　　《通知》强调，地方各级应对新型冠状病毒肺炎疫情联防联控机制（领导小组、指挥部）应当依法加强组织领导，制定本辖区内的工作方案，协调解决出现的相关问题。各部门要加强部门间协作，狠抓落实，为捐献血浆者提供交通、出行便利，优化捐献血浆服务流程，保障捐献血浆者安全，科学合理输注血浆，提升治疗效果。相关链接：关于印发进一步加强新冠肺炎康复者恢复期血浆救治工作方案的通知,2020/2/28,新冠肺炎 疫情防控 联防联控 医疗救治
国务院联防联控机制定于2月29日15时在北京国二招宾馆（北京市西直门南大街6号）东楼三层中会议厅召开新闻发布会，介绍新冠肺炎治疗与患者康复有关情况。请参会记者届时务必携带本人记者证或持有国新办采访证、外交部制发的常驻记者证参会。新闻发布会于14时20分开始签到，请合理安排到场时间。根据有关规定，所有返京人员到京后，均应居家或集中观察14天。　　请各位记者将关注的问题于2月28日20时前通过电话、传真、电子邮箱等渠道反馈给我们，以便我们在发布会上及时提供更加详细的信息。　　北京国二招宾馆路线：乘坐北京地铁2号线/4号线/13号线至西直门站C出口，直行100米见路口左转，步行50米即可到达。如自驾前往请于2月28日20时前，通过下方联系电话报备车号。人员和车辆从北京国二招宾馆南门进入。　　电子邮箱：news@nhc.gov.cn　　（注：该电子邮箱仅用于新闻媒体反馈发布会提问信息使用）　　电话：010-68791516　　传真：010-68792087国务院联防联控机制2020年2月28日国二招路线图,2020/2/28,联防联控
2月27日，河南省援鄂医疗队前方指挥部出台《关于加强援鄂医疗队管理服务工作的意见》。　　河南省援鄂医疗队前方指挥部总领队刘延军表示，当前新冠肺炎疫情防控形势依然严峻复杂，防控正处在最吃劲的关键阶段。河南援鄂医疗队要深入学习贯彻落实习近平总书记关于疫情防控一系列重要讲话指示精神，圆满完成河南省委、省政府及省卫生健康委有关援鄂工作部署要求。　　《意见》要求，要始终把医疗队员的感染防护作为首要政治任务抓紧抓细抓实抓好。各医疗队特别是到武汉超过2周时长的医疗队，要坚决克服麻痹思想，决不能有任何松懈和侥幸心理，采取最严格的防护措施，确保医疗队员“零感染”。各医疗队要组织开展一次防护工作回头看，紧盯诊疗全过程，严控感染全流程，查漏洞、补短板、强弱项，不断强化每一名队员的感染防护意识和防护能力。严格落实安全防护监督制度，要建立2-3人为单元的防护措施落实互助组，在每个潜在的污染区、污染区出入口设置提示牌并配备防护监督员，推进防护措施标准化、规范化、程序化，确保把各项防护措施落细、落实、落到位。要进一步加强病区外感染防护管理，严防驻地和餐厅等场所的人员聚集，确保全体队员安全防护万无一失。　　各医疗队要围绕推动救治关口前移、加强医护培训与优化诊疗方案等方面，加强交流与合作，同时加强与兄弟省（市）医疗队的经验交流，不断提高的救治能力和水平。要尽最大努力及时发现病情进展快的患者，减少轻症、普通型患者发展为重症、危重症。对重症、危重症患者，要把精兵强将集中起来，落实“一人一案”要求。对病情复杂、合并症多，涉及多个系统和多器官损害的患者，要组织多学科联合诊疗，努力降低病亡率。对死亡典型病例，各医疗队要组织病例讨论，全面梳理诊疗过程，系统分析死亡原因，及时总结诊疗经验。　　各医疗队要根据诊疗任务变化，及时调整医护人员的力量配置，科学合理安排医务人员的工作和休息，对长时间高负荷工作人员要安排强制休息。各医疗队要及时排查医护人员的身体状况，及时调整不适合继续在一线的医护人员。要积极协调当地有关部门，加强医疗队员的生活服务和后勤保障，积极协调防护用品和基本生活用品供给，切实保障医疗队员的身体健康。　　《意见》指出，各医疗队进驻武汉后日夜奋战，长期高负荷工作。要加强思想政治工作，组织开展一次谈心活动，各医疗队的队长、联络员要和队员说知心话，聊心得体会，谈工作和生活等方面存在的困难和问题，了解他们家庭的实际困难，建立台账，协调后方切实解决队员的后顾之忧。随队心理援助医师要集中开展一次心理健康评估，密切关注医疗队员情绪变化，加强心理干预和疏导，为医疗队员提供24小时心理支持、心理疏导服务，减轻医疗队员的心理压力。　　同时，各医疗队要教育队员顾全大局，严守工作纪律、保密纪律，一切行动听指挥。要加强内部团结、互帮互助、相互支持。要坚持每天测量体温，不间断的监测队员的身体状况，对出现发热、呼吸道等相关症状者，队长要第一时间报告前方指挥部。要加强物品管理，酒精和84消毒液要分开存放，严禁混合使用。要加强交通安全和用电安全。要认真梳理总结每天工作开展情况，加强信息报送。与兄弟省（市）交叉组队的，要增强全局观念，加强团结协作，遇事多通气、多商量，体现责任担当、业务素养，树立河南良好形象。　　此外，各医疗队临时党委、总支、支部要认真组织学习领会习近平总书记关于疫情防控一系列重要讲话指示精神，进一步统一思想，提高认识，以更严更实更细的举措，坚决打赢武汉保卫战。要组织一次重温入党誓词活动。要组建一支党员突击队，激发党员在抗疫一线践行初心使命、勇于担当作为的奉献精神。要把冲锋在前、信念坚定、表现突出的队员及时吸纳到党组织中来。要进一步加强工作宣传，大力挖掘推荐身边好典型、好事例，讲好河南省援鄂医疗队故事。要组织开展形式多样的文化体育活动，以不聚集为原则、以安全为底线，结合驻地实际条件，以分散活动、网络活动为主，丰富医疗队员日常生活，增强体质，激发昂扬斗志。（来源：河南日报客户端）,2020/2/28,疫情防控
2月27日，河南省援鄂医疗队前方指挥部总领队、省卫生健康委党组成员、副主任刘延军到河南省第三批援鄂医疗队看望慰问医疗队队员，对该队在一线有力有序开展救治工作所取得的成绩表示肯定。　　刘延军受河南省卫生健康委主任阚全程委托转达河南省委、省政府和河南省卫生健康委党组对医疗队队员的关心和问候。刘延军叮嘱医疗队，要加强安全防护、加强交流与合作、加强团结协作、做好队员的生活保障和加强宣传，讲好河南省援鄂医疗队故事。第三批援鄂医疗队队长赵松汇报了医疗队基本情况和医疗救治、生活物资保障、安全防护、队员精神面貌等情况。　　赵松介绍，河南省第三批援鄂医疗队共46人，其中医生12名、护士16名，医技和后勤保障等人员18人。2月4日抵达武汉，对口支援武汉江汉方舱医院。截至2月26日，管理床位430张，在院病人277人，转出重症12人，危重症0人，当天治愈出院40人。累计收治病人516人，累计治愈出院164人，死亡0人。（李季）（来源：今日头条号“河南省卫生健康委”）,2020/2/28,安全防护 医疗救治
记者从省卫生健康委获悉，今天，浙江省互联网医院“援鄂通道”于今日正式上线。该通道汇聚浙江省省内呼吸科医生，为湖北居民提供免费的互联网在线问诊咨询服务。　　使用方法为：登陆支付宝，搜索“浙江省互联网医院平台”即可快速咨询。平台还提供了心理咨询、在线复诊、在线处方等功能，方便老百姓足不出户，看病就医。平台服务同样面向全国。（来源：浙江新闻客户端）,2020/2/28,服务咨询
【世卫组织专家高度肯定深圳福田区香蜜湖街道侨香社区“ACT”防控模式】2月19日，中国——世界卫生组织新冠肺炎联合专家考察组在深圳市考察，肯定了侨香村社区创新实施“ACT”防控模式。“A”(Administration)，即党委政府严密组织，让病毒源头“切得断”。区、街道迅速成立指挥部，科学统筹人员、物资、信息等资源，第一时间安排近400人参与一线防控，组织实施小区封闭式管理，建立春节期间外出人员、临时来深人员、14日内到过疫情发生地人员、与确诊或疑似病例密切接触者重点人员等“四个台账”。“C”(CommunityHealthServiceCenter)，即社康中心巩固阵地，设立发热预检分诊台，及时发现发热病人和疑似患者并做好隔离和转诊。为居家隔离医学观察人员提供上门测量体温、健康筛查、发放居家隔离医学观察告知书、居家防护指导等服务。协助开展咽拭子核酸检测，配合做好密切接触者转运集中隔离观察。优化家庭医生签约服务，履行“第一守门人”责任，对高血压、糖尿病、老年人、孕产妇、婴幼儿和残疾人等签约重点人群，实施24小时线上咨询、健康指导和心理疏导，并为有需要的居民送药上门。“T”(TrinityMechanism)，即社区工作者、社康医务人员、社区民警三位一体组建“三人小组”，联合防控。在“三人小组”的带动下，社区物业积极作为，配合了解居家隔离人员身体状况，提供物品代购等生活保障；企业奉献爱心，向居家隔离家庭送出一套VIP月卡、一个健身小器材、一份儿童礼物、一本畅销好书等“暖心10条福礼包”，被世界卫生组织专家组组长玛丽亚（MariaVanKerkhove）认为照顾了人的精神需要，打造了一个更加健康的社会、更加健康的社区；居民群众积极筹集防疫物资，踊跃参与志愿服务，成立2支防疫志愿者队伍共53人，协助开展设卡测温、物品转运、隔离关怀、心理疏解、防疫宣传等工作，构筑起社区群防群控严密防线。——广东省卫生健康委基层处供稿　　【河南省协调为基层医务人员捐赠疫情防控特定保险】在疫情防控的关键时期，为进一步保障抗击新冠肺炎基层医护人员的人身安全，解除其后顾之忧，保障其合法权益，河南省卫生健康委积极协调中国人寿河南分公司免费为奋战在疫情防控一线的20余万医务人员提供疫情防控特定保险。根据协议，中国人寿河南分公司向河南省乡镇卫生院和乡村医生等防控一线的基层医护人员赠送“守护天使医护人员特定保险”，对工作在疫情防控一线，因感染新冠肺炎导致身故、意外身故、身体伤残等情况的基层医护人员，给予每人累计最高30万元保额的专属保险保障。保险期限为三个月。——河南省卫生健康委基层处供稿　　【长沙市开福区落实基层卫生防控“四步法”】湖南省长沙市开福区实施“四步法”，科学分类落实基层防控策略。“第一步”提前预判。开福区卫生健康局于1月16日召开新冠肺炎疫情防控知识培训会，出台了《社区卫生服务中心与区疾控中心疫情防控职责边界》和《基层医疗卫生机构预检分诊制度和发热病人排查转诊制度》，做到全区疫情防控分工协作、有的放矢。“第二步”落实物资供给和经费保障。常务副区长亲自调度，多渠道联系货源，做到开源节流。以社区卫生服务中心为枢纽，统筹街道辖区物资分配使用。对基层医务人员一次性医用口罩、N95口罩、防护服、隔离服、消毒剂等急需防疫物资予以足额保障，有效支持基层防疫工作。落实激励关爱基层医务人员措施，按照每天一线300元/人、二线200元/人按实发放基层医务人员防疫津贴补助139.15万元，其他慰问金和慰问物资共计46万元。“第三步”分类管理。充分发挥村医“熟村情、熟村民”的桥头堡作用，40名村医挨村“巡逻值守”，战斗在疫情防控“最后一公里”。全区还招募医学专业志愿者61名充实到基层一线，强化防控队伍。“第四步”参与复工复产和社会保障。全区各社区卫生服务中心积极配合驻企联络员，指导企业健康宣教、日常消毒及排查工作，协助开展疫源地返长员工、“快递小哥”等流动人员核酸检测，完善可疑症状者应急处理机制。各街道社区卫生服务中心有序恢复门诊留观和预防接种服务，采取预约模式，有效分流人员，有效满足人民群众就医需求。——湖南省卫生健康委基层处供稿　　【四川省资中县龙江镇卫生院中药汤剂助力抗击疫情】为充分发挥中医药在应对新冠肺炎中的预防、救治作用，自1月29日起，四川省内江市资中县龙江镇卫生院中医科医生加班加点熬制预防性中药汤剂，然后送到疫情防控一线的医务人员、住院病人及家属、保洁、交通监测点等人员手中，并指导他们服用，每人每天2次，每次200ml。截至2月17日，卫生院已经免费发放中药汤剂1104人份，共计441600ml，并公布预防用中药处方。一副副中药汤剂，承载着卫生院对患者和疫情防控战线医务人员的一份浓浓的“关爱”。——四川省卫生健康委基层处供稿　　【黑龙江省铁力市医共体上下一盘棋全力打赢疫情防控阻击战】铁力市医共体面对疫情，迅速反应，形成了村医排查、乡镇监测分诊、牵头医院诊治的有序防控格局。一是协调铁力市工业园区一处闲置楼房，将其改造成隔离病房，提供留观人员和工作人员的日常生活保障。二是为满足发热患者的就医需求，同时防止疫情扩散，牵头医院与各乡镇卫生院签订了转诊协议。乡镇卫生院发现体温超过37.3°C的发热患者，及时与牵头医院发热门诊联系，由牵头医院派急救车接患者到医院发热门诊就诊。同时开通互联网发热门诊，市民在家即可免费获得专家的线上就诊咨询。三是依托远程会诊平台，及时对疑似患者进行确诊。开发安装手机软件，医务人员可以通过手机随时了解留观病房内患者的情况，家属也可以通过手机与患者进行视频探视。——黑龙江省卫生健康委基层处供稿　　【长春市二道区精准管控做好基层跟踪居家管理工作】针对深入基层走访、定期调度、居家隔离医学观察中基层反馈的问题，吉林省长春市二道区基层卫生健康科积极协调，帮助解决基层工作中存在的问题，提出了“排出就管、走了就追”的8字居家医学管理办法。对在居家医学管理期间联系不上、不予配合的，耐心引导，跟踪管理；对在居家隔离期间有就医需求的，协调和帮助解决就医问题。2月10日，基层卫生健康科在监控居家医学观察数据时，发现个别单位上报逻辑错误，科室人员立即跟踪查找问题出现的根源。通过排查发现，有10名外来返长正在接受居家隔离医学观察的人员突然失联。面对突发问题，基层卫生健康科立即调度所属社区卫生服务中心组织家庭医生团队上门排查，协调街镇和公安部门发挥联防联控协同优势，经过几个小时的跟踪，终于找到了这10个人。这10个人均未外出，家庭医生对他们进行了耐心的心理疏导和健康指导，确保居家隔离观察健康管理跟踪及时，实现了居家隔离观察全覆盖。——吉林省卫生健康委基层处供稿,2020/2/28,新冠肺炎 疫情防控 联防联控 
截至2月26日，湖北省共有新冠肺炎重症、危重症患者7984例，其中很大比例的患者均在武汉市的多家定点医疗机构接受隔离治疗。当日，在华中科技大学同济医学院附属协和医院西院区，经过院方和医疗队同意，本报记者在层层防护下，进入了住院楼东七区隔离病区，观察和记录发生在重症病房里的故事。“简陋”ICU大大提高救治能力　　经过半个多小时的忙碌，在医护人员的帮助下，记者穿戴好防护装备，先后推开4道门，从清洁区出发进入了病房所在的污染区。同目前武汉市的绝大多数重症病区一样，这里也是由普通病区改造而来，因地制宜设置了“三区两通道”，但无法满足传染病病房的负压要求。　　在病区，记者看到了一间取名“逸仙ICU”的重症病房。中山大学孙逸仙纪念医院第二批援湖北医疗队医疗主任、该院重症医学科病区区长周明根说，这几天，医疗队得到了广西省医护力量的有力支援，得以抽出精力在病区开辟了一间4张床位的小型ICU病房，“也是利用一间较大的普通病房改造的ICU，只能因陋就简，但必要的设备都已经配齐了”，大大提高了医疗队的救治能力。　　“周主任，43床患者呼吸有点急促，请您来看一下机器状态。”听到一位医生的呼叫，周明根快步走进了逸仙ICU。43号病床旁，除了有创呼吸机、心电监护仪，还挂着8台输液泵。在仔细观察过患者的体位和呼吸机状态后，周明根和其他3位医护人员一起，为患者摇高病床、改换体位，并把呼吸机的工作模式从容量控制改为了压力控制。“理论上讲，压力和容量是成正比的，但使用压控模式会更适合根据患者的适应性作出调整。”周明根说，根据压控模式调整呼吸机，可以减少患者发生人体拮抗的可能。　　“体位对呼吸的影响很大，床头抬高到30度至40度，可以明显减轻患者的呼吸负荷”。周明根说，接受有创呼吸支持的患者，治疗和护理都有一定难度，为患者变换一次体位往往需要几名护士协同工作。　　中山大学孙逸仙纪念医院第二批援湖北医疗队领队、医院党委副书记许可慰告诉记者，作为委属委管医院，在接到国家卫生健康委的指令后，该院在2月7日迅速派出由131名医护人员组成的第二批医疗队，支援协和医院西院区的重症患者救治工作。　　“我们在2月8日晚开始正式接收患者，已经累计收治了60多人，已有5名患者在病情好转后转入方舱医院、7名患者治愈出院。”许可慰说，目前病区的50张病床收治了47位患者，其中重症患者30多人，危重症患者6人，当天有3位患者由重症转为轻症。一对80多岁的老人双双好转重症病房之外，这个病区里还有两位特殊的患者，他们是一对80多岁的老夫妻。　　钟大爷今年84岁，两个孩子都在广东生活，他一直和老伴两人住在武昌区的“空巢”。大年三十的晚上，他突然觉得自己浑身乏力并开始发烧，并在第二天去了医院。“当时在武昌医院做了两次CT，开始我不知道有这个病，去医院才知道武汉有SARS的事已经传开了。”钟大爷告诉记者，做过影像检查后，自己并没有得到确诊，辗转几家医院都没有床位接收他住院，他只能作为疑似病例居家隔离，每天乘坐一辆社区派来的接送车，同其他患者一起到武昌医院输液。　　1月28日，钟大爷和老伴先后通过核酸检测确诊，并在武昌区一家医院急诊科的走廊里打地铺接受治疗。钟大爷说，那一段时间，每天都能看到有病死的人被抬出医院，所有人都说这个病没有药可以治疗，心里很害怕。　　直到2月9日晚，社区的一辆大巴车把他和老伴还有40多名患者，接到了武汉协和医院西院区住院，住进了现在的病房。“这里的医生护士都太好了，穿着这样的衣服连气都不透，眼镜上也都是雾水，每天好几次来给我检查、治病，而且他们都是冒着生命危险。”钟大爷停顿了一会儿说，“这里没有一个人不感动”。　　钟大爷说，自从发病后，只要一吃东西他就会呕吐，吃不进东西，这让他觉得自己情况很糟糕，“怕是熬不过这一关了”。经过近20天的治疗，钟大爷说他的体温已经恢复正常，“最重要的是能吃饭了，精神也好了，没有这些医生和护士，我和老伴都不可能死里逃生”。钟大爷说，他和老伴分别收治在两个病房，但每天都会通过电话说几句，问问彼此的治疗情况。“老太婆的身体也好多了，体温也正常了。”说到这里，钟大爷的话语间流露出喜悦。等待集体出院的“三姐妹”　　81床、82床、83床的3位患者，被这里的医护人员称为“方舱三姐妹”，她们都是2月9日凌晨从江汉方舱医院转院来的。如今“三姐妹”都已基本治愈，将在近期一起出院。　　“在方舱的时候，我们三个的情况差不多，都是高烧不退，血氧饱和度也掉下来了。”82床的隆倩最年轻也最爱说话，她告诉记者，在母亲1月31日突然生病后，她就搬到了母亲的住处以便照顾，两天后她也突然起病高烧，“当时就觉得可能情况不太好，但是核酸检测的能力跟不上，我们分别在好几家医院排队等待确诊”。　　2月6日，武汉市中心医院后湖院区给隆倩打来电话，告知她们母女核酸检测均为阳性，并已上报当地疾控部门。当天晚上，隆倩和母亲住进了刚刚开始收治患者的江汉方舱医院。在方舱医院治疗的两天，隆倩的病情仍在加重，血氧饱和度降到了85%，两次高烧39度以上。“医生告诉我已经把我的情况上报指挥部，会优先安排转院，当天夜里我们三个就住进了这里的病房”。　　周明根说，方舱医院对“三姐妹”的转运很及时，“血氧饱和度到了85%就可能会出现呼吸衰竭了，进入病房后我们第一时间上了氧疗，三个人的血氧饱和度都很快到了95%以上，治疗效果很好”。经过十几天的对症治疗，三人已相继撤掉了氧疗，体温逐渐恢复正常，核酸检测也都已经出现了3次阴性结果。“国家诊疗方案对治愈出院的标准做出了调整，’，病区也加强了对出院标准的把关。”周明根说。　　“今天上午心率有点不稳，医生发现我情绪不太好，很快就安排了一位心理医生来跟我谈心。”83床的蔡大姐说，她的4次核酸检测的结果为1阴1阳2阴，没能像其他两位姐妹一样出现三连阴，让她心理出现了一些波动。病区护士长、中山大学孙逸仙纪念医院护理部副主任周雪贞说，为蔡大姐“话疗”的其实是一位有心理学知识背景的护士，“效果很明显，今天下午的心率就恢复正常了”。（来源：微信公众号“健康报”）,2020/2/28,新冠肺炎 医疗救治
2月27日，武汉雷神山医院有32名患者同时出院，成为医院启用以来出院患者人数最多的一天；至此，该院已有95名患者治愈出院。当日，记者来到武汉市江夏区强军路，走进了这家因新冠肺炎疫情而生的临时医院的院区。　　沿黄家湖大道一路向南，雷神山医院一排排灰白色的临时病房非常醒目，院区内的基础建设尚未正式完工，仍有大型工程车辆在施工忙碌。记者了解到，拥有约1500张床位的雷神山医院，患者病区分为A、B、C三个区域，其中A区有15个普通病区和1个25张床位的ICU病区，B区、C区联合撑起与A区同样的“建制”。　　院区基本建成后，武汉大学中南医院接管雷神山医院，并与湖北省肿瘤医院、武汉市第一医院等当地医院先期进驻。2月9日、10日，辽宁省在两天内从全省调集了1013名医务人员，分两批先后赶至武汉，撑起了这里的半边天。　　“作为一个抢建出来的临时医院，雷神山医院在负压病房建设、医疗设备配置等方面都没有问题，但在设备安装、业务运行等方面，都有很多细节需要尽快磨合。”辽宁省援雷神山医院医疗队大连医科大学附属第一医院领队尚东说，当时的雷神山医院仍处于边建设、边验收、边收治的状态，病区建设、管理运行、后勤供应，还有很多细节需要完善。“当时各医疗队的压力还是很大的，因为武汉还有很多新冠肺炎确诊患者得不到收治，时间非常紧张，我们必须尽快开放病区，设备调试、病区感控等各方面的准备工作必须尽快落实到位”。　　2月12日下午，辽宁省医疗队正式开始收治患者；至2月18日，所负责的17个病区全部收满患者。尚东说，大连医科大学附属第一医院医疗队接管了其中的4个病区，收治的患者中有近1/3为重症、危重症患者；60岁以上的老年人占60%以上，其中不少患者患有糖尿病、阿尔茨海默症、心脑血管疾病等基础疾病，治疗和护理的难度都很大。　　疫情的冲击，让武汉市的很多家庭处在分崩离析的状态，方舱医院、定点医院、隔离场所，一家人往往分散在不同的地方，悲伤无助成了这座城市共同的心情。　　在各医疗机构住院的患者，有不少人的病情并不是很重，但情绪和精神状态很差。“尽快缓解病区患者的焦虑低落的情绪，与开展医学救治同样重要。”尚东说，在辽宁省医疗队为每一个病区都购买了一部智能手机，各病区医务人员也利用各种信息，千方百计帮助与家人失去联系的患者，通过微信视频与家人“见面”，弥合那些看不见的伤口。　　2月17号，雷神山医院A8病区，大连医科大学附属第一医院医护人员细心的发现，79岁的陈大叔过生日，他是这里比较年长的患者，刚经历失去亲人的痛楚。为了让郁郁寡欢的他重拾生活的希望，病区医护人员悄悄地为他安排了一场“特别的生日”，主任李楠网购了蛋糕，队员们亲笔写下了祝福，共同在隔离病房为陈大叔庆生。“在这里，虽然身处陌生环境，亲友不在身边，但是我们不让每一个人觉得孤独。”李楠说。　　“经过我们一夜的努力，A13病区的一位患者血氧从85%回到了98%，大爷笑着说，原来能自己吃饭就是幸福。疫情之下，更懂珍惜，大爷对我们这些来自辽宁大连的白衣也更加依赖，更加信任！”A13病区的主治医生刘卓说。　　除了日常工作以外，很多老年患者合并有不同程度的基础疾病，因为疾病的特殊性，大多患者心理脆弱。“在我工作的病区就有这样一位合并有阿尔兹海默症的老爷爷，尽管提前学习了简单的武汉话，但当根深蒂固的海蛎子味和武汉方言交融在一起时，真是有些一言难尽”。大连医科大学附属第一医院的医护人员吕舒婕说，“不过这都难不倒我们，摆口型、打手势、写方块字、画图画，我们无障碍的沟通加上哄老小孩儿的耐心，使很多问题迎刃而解。”　　“绝大部分患者通过对症治疗，病情都能得到缓解，最主要的问题还是心理压力太大。”尚东说，为了尽可能地对病区患者进行充分的心理疏导，大连医科大学还广泛调动相关专业在校医学生的力量，通过线上方式对部分重点患者开展一对一的心理疏导，“这些学生目前仍然处在寒假中，也很有意愿为前线的患者救治贡献一份力量”。（来源：微信公众号“健康报”）,2020/2/28,新冠肺炎 医院医疗 医疗救治
2月27日，全省援鄂医疗队服务保障工作视频调度会召开。省委常委、省疫情防控指挥部副指挥长王贺胜在主会场出席会议并讲话，强调要深入贯彻习近平总书记重要指示精神和省委省政府部署要求，用心用情、积极主动、规范精细，全方位做好援鄂医疗队服务保障工作，把保护关心爱护医务人员的各项政策措施抓实抓细抓落地。　　王贺胜指出，援鄂医疗队是湖北抗疫的宝贵资源，充分发挥了主力军作用。全省各地各部门要怀感恩之心、倾关爱之情，按照“硬件不足软件补”的思路，带着责任和感情扎实做好服务保障各项工作，切实维护医疗队员的健康安全。　　王贺胜强调，要在前期工作的良好基础上，把有效的做法坚持好、推广开，把关爱的政策落实好、做到位，把暖心的举措人性化、精细化，着力提升标准化服务和规范化管理水平，进一步增强服务保障的针对性和实效性。要强化责任落实，严格督查督办，立足全省、突出武汉层层抓落实，高质量完成各项工作，为打赢湖北保卫战、武汉保卫战作出应有贡献。　　副省长肖菊华主持会议。省援鄂医疗队服务保障专班和各市州、直管市、神农架林区负责人分别作了工作汇报。（张进）（来源：微信公众号“湖北省人民政府网”）,2020/2/28,服务保障
2月27日，中央赴湖北指导组来到武汉市新冠肺炎疫情防控指挥部，深入学习贯彻习近平总书记在中央政治局常委会会议上的重要讲话精神，了解武汉市疫情防控进展情况。　　武汉市新冠肺炎疫情防控指挥部汇报了社区及特殊群体防控、应收尽收、流行病学调查等工作情况。　　中共中央政治局委员、国务院副总理孙春兰指出，应收尽收刻不容缓是总书记的明确指示，这段时间以来，取得了阶段性成果，增强了信心。但疫情形势还很严峻，任何一点麻木可能就是漏洞，一定不能有任何侥幸懈怠、不能麻痹大意。　　"要真正落实关口前移，尽可能让患者得到及早救治。"孙春兰说，要不畏辛苦不怕麻烦，"一切以人民健康为中心，努力救治每一个患者，就像对我们自己的亲人一样。千方百计，争分夺秒，与时间赛跑。"　　谈到对特殊人群的防控工作，她指出，要切实高度重视，措施落实到位。"一定不能松劲儿，把老人们、孩子们保护好。"　　"一定要在落实落实再落实上下功夫，防控工作来不得半点马虎，马虎了就要付出更大的代价。"孙春兰强调，现在已经到了关键时期，总体积极向好，但形势复杂，要集中最强的力量，一鼓作气拿下这场战役，咬定青山不放松，争取早日夺取胜利。（来源：现代快报讯记者：孙兰兰顾炜）（来源：微信公众号“湖北省人民政府网”）,2020/2/28,疫情防控
2月18日晚，武汉体育中心方舱医院宛如承载生命的诺亚方舟。2月14日，武汉体育中心方舱医院，江苏医疗队医护人员在交流。2月17日晚，武汉客厅方舱医院，一名患者颈椎病发作，山东医疗队成述鹏护士为他按摩缓解疼痛。2月12日，武汉江岸塔子湖体育馆方舱医院，天津医疗队护士帮病人抬行李。2月17日，武汉客厅方舱医院，护士为患者测体温。2月21日，武汉汉阳方舱医院，治愈患者走出医院，向送行的医护人员挥手致意。2月17日，晚餐过后，武汉客厅方舱医院的患者在护士的带领下跳起健身操。　　2月23日19时，武汉客厅方舱医院B厅，鲜艳的党旗和国旗下，10多名患者在上海医疗队护士的带领下合唱“我和我的祖国”。四周有病友拿着手机为他们拍照。　　另一边空地上，一群患者整齐列队。伴随着手机播放的音乐，来自宁夏医疗队的护士李敬菊站在最前面，带领大家做健身操。　　这是方舱医院里最热闹的时刻。　　“37床的病人去哪里了？”山东省第四批援鄂护理队的王丽护士拿着一剂中药，在病房里找患者。隔壁床的病友指着图书角的方向说，“应该是去跳舞了，马上就会回来。”为了让病人喝上温热的中药，王丽只好把药又带回护士站保温。　　王丽说，“看到她们这种状态我也很开心，经过治疗大家的身体状况越来越好，心情也变好了，离彻底康复不远了。”　　2月18日，王丽工作的武汉客厅方舱医院B厅第一批患者出院，她写了一首小诗《致方舱出院者》——天气晴好，有阳光在你脸上跳跃疫情的阴霾，曾把你的生命涂成灰色疾病的煎熬，还有那心理上的折磨让你开始怀疑自己的人生，还能撑多久你就像折翼的天使，一度绝望不，不要这样万物之中，希望最美请不要放弃，对希望的追寻方舱开放，犹如诺亚的方舟载着你朝向曙光的方向我们来了，心中有爱为你修补受伤的翅膀口罩遮住了脸庞但挡不住心灵的沟通挡不住爱的传递隔离不隔爱给生命注入最强的力量看着你的伤口逐渐愈合看到你又重新挥动翅膀飞向无垠的蓝天这是我最想看到的，你的模样　　方舱医院虽与医院隔离病房“红区”不同，但这里同样是抗疫主战场。患者在这里接受暂时的隔离，为的是经过治疗重新康复。截至2月23日24时，武汉各方舱医院已累计收治患者10610人，重症转送医院763人，出院1100人，出院率超10%。一个患者的康复带来的是一个家庭的希望。　　截至2月24日24时，武汉市已有16家方舱医院投入使用，可使用床位14467张，已用8967张，真正做到了“床等人”。目前武汉还有16家方舱医院正在建设中，全部投用后，预计将提供3万张床位。　　春天来临，珞珈山的早樱已经开放。　　方舱医院，也给患者带来春天的希望。（柯皓）　　（来源：湖北日报）,2020/2/28,方舱医院
日前，省卫生健康委专门组织专家研究制定了《广东省医疗恢复日常诊疗服务防控新冠肺炎工作指引》（以下简称《指引》）。　　逐步恢复医疗机构日常诊疗服务时，广东如何做好院感防控工作？截至目前，广东保持着全省医务人员院内新冠肺炎零感染的记录，又有哪些“秘诀”？　　在逐步合理推动医疗机构日常诊疗服务的同时，广东卫生健康系统多措并举做好院感防控工作，最大限度减少新冠肺炎在医疗机构的传播风险，切实保障患者和医务人员的安全。　　发热患者全部实行核酸检测　　2月24日起，广州市妇女儿童医疗中心逐渐恢复门诊诊疗。如何做好病患管控，防止院内交叉感染？　　在广州市妇女儿童医疗中心可以看到，一进入医院大门，所有人员必须进行体温检测和预检分诊，医生会详细询问患者的流行病史和主要症状，包括近期是否去过湖北、家中是否有多人一起发烧等。而未经测量体温和询问流行病史患者一律不能进入诊间。　　如果患者有流行病学史或家庭聚集发病，会有专人带领他们，通过一条指定路线，到达发热门诊。　　在这里，患者将会接受更加详细的筛查，一旦发现发热和呼吸道症状，均单间隔离，进行鼻咽拭子核酸检测，以及血常规/胸片/CT检查。如果最终核酸检测为阳性，患者就会立即被转入隔离区进行隔离收治。　　广东省人民医院是省内较早恢复开诊的医院，2月3日起，该院门诊恢复开诊。据悉，该院取消了所有自助机报到功能，患者必须到分诊台进行人工报到，测体温、问流行病史。　　该院的各个分诊台前，用排队围栏和标识进行单向引导。为缩短排队报到等候时间，减少聚集，该院还采取了患者浏览问卷和护士询问的方式有效快速分流报到人群。体温异常患者，会被及时分流到发热门诊。　　“在恢复日常诊疗时，要求严格守住进入医院、门急诊、住院、病房‘四个关口’。”广东省抗击新冠肺炎疫情专家组专家、南方医科大学南方医院感染管理科主任孙树梅主任医师介绍，根据《指引》，所有进入医院的患者均经过预检分诊后方可进入诊区，要把好门急诊关口，全面实施非急诊预约挂号，发热门诊就诊的所有患者必须全部开展新冠病毒核酸检测，必要时开展胸部CT检查；其他门诊发现有流行病学史的患者必须全部开展新冠病毒核酸检测；严格执行“一人一诊一室”等。　　医疗机构恢复日常诊疗前，需要做好哪些准备呢？《指引》明确了“七个一”：成立一个防控专项工作组，由主要负责人担任组长，下设培训小组、消毒小组、督导小组；盘点一次防护物资储备，防护物资（有7天日常工作的储备量和发生应急情况时的储备）到位后方可正常开展医疗服务；落实一项健康确认工作，提前对返岗员工摸底调查，做好健康检测，对疫情高发地来粤员工暂缓返岗，非疫情高发地来粤员工抵粤14天内除上下班外不得外出，不得组织参与聚会、聚餐；开展至少一次全员培训，尤其是后勤工作人员（保洁、输送等人员）的培训，培训合格一个，复岗一个；组织至少一次应急演练；建立一支感控督导员队伍，负责对院内主要诊疗场所的感染防控工作进行监督指导；进行一次综合评估，重点评估防护物资储备、人员培训、规章制度、应急演练是否到位。　　广东新冠肺炎疫情防控指挥部医疗救治组副组长、省卫生健康委一级巡视员刘冠贤介绍，截至目前，广东保持着全省医务人员院内零感染的记录。　　“感控督导岗”处置多起风险　　在新冠肺炎防控期间，广东各医疗机构探索出了不少行之有效的好经验、好做法，“感控督导员”便是其中一项。　　中山大学附属第三医院“感控督导岗”成员以经过严格感控专业培训的护士为主，天河和萝岗两院区共组建了40余人的专职队伍。　　医务人员穿脱防护用品时是否规范，环境消毒与医疗废物处置是否合规，发热或有流行病学史的可疑患者是否混入普通诊室、病区……这些便是他们的观察内容。　　“动眼、动嘴、动笔、动脑”，感控督导员对风险行为实行严格表格化台账式管理，一般不执行具体诊疗和护理任务，紧急情况下亦可提供现场协助和救援。　　据医院工作人员介绍，“感控督导岗”设立以来，已在实践中成功应急处置多起事件。对于发现的共性问题，“感控督导员”会向各病区、职能部门反馈，组织协调、持续改进，力求“发现一个风险点，解决一个风险点”。（来源：广东省人民政府网站）,2020/2/28,新冠肺炎 感染
抗疫情、促发展，既是一场大战，也是一场大考。向党和人民交出合格答卷，必须坚定必胜信念、把准形势任务、完善策略措施，毫不放松抓紧抓实抓细防控工作，统筹做好经济社会发展各项工作。　　习近平总书记在统筹推进新冠肺炎疫情防控和经济社会发展工作部署会议上发表重要讲话，深刻分析当前疫情形势和对经济社会发展的影响，明确提出统筹推进疫情防控和经济社会发展工作的重点任务和重大举措，为全面打赢疫情防控人民战争、总体战、阻击战，努力实现全年经济社会发展目标任务提供了根本遵循。全省上下要认真学习贯彻习近平总书记重要讲话精神，切实用以指导疫情防控和经济社会发展各项工作，高度统一思想和行动，坚决做到两手抓，奋力夺取双胜利。　　在以习近平同志为核心的党中央坚强领导下，经过全省广大干部群众的艰苦努力，甘肃疫情防控形势趋稳向好，应急响应级别由一级调整为三级，防控工作取得阶段性成效。但是，我们也要清醒看到，当前疫情形势依然严峻复杂，防控正处在最吃劲的关键阶段。这个时候，必须高度警惕麻痹思想、厌战情绪、侥幸心理、松劲心态，否则将带来严重后果，甚至前功尽弃。各级各方面要坚持分类指导、分区施策，严格落实差异化防控策略，从严从实执行各项防控措施，毫不放松抓好疫情防控工作，不断巩固成果、扩大战果，持续用力打好打赢疫情防控阻击战。　　这次新冠肺炎疫情，是新中国成立以来在我国发生的传播速度最快、感染范围最广、防控难度最大的一次重大突发公共卫生事件。突如其来的疫情，同样也对我省经济社会造成较大冲击。越是在这个时候，我们越要增强信心、坚定信心，绝不能被问题和困难吓倒。用全面、辩证、长远的眼光看，经济长期向好的基本面没有改变，疫情的冲击是短期的、总体上是可控的，只要我们变压力为动力、善于化危为机，有序恢复生产生活秩序，强化“六稳”举措，加大政策调节力度，把发展的巨大潜力和强大动能充分释放出来，就能够实现今年经济社会发展目标任务。　　全省上下要深入学习贯彻习近平总书记重要讲话精神，坚决把思想和行动统一到党中央决策部署上来，紧紧围绕省委、省政府作出的安排，切实把各项工作抓实、抓细、抓落地，尽最大可能把疫情影响降到最低，确保完成今年全省各项发展任务。当务之急，要有力有效落实有关政策措施，推动各类企业尽快复工复产、达产满产；要抓紧推进省级领导干部及各级领导干部和有关部门分片包抓企业工作，明确实施方案、具体名单、工作要求，督促包抓责任落到实处，切实做到包疫情防控落实、包支持政策兑现、包经营困难解决；要多措并举保障基本民生，确保居民生活必需品市场供应；要抓重点、补短板、强弱项，加大力度深化脱贫攻坚，提高全面建成小康社会成色。　　“疾风知劲草，板荡识诚臣”。能不能打好、打赢这场疫情防控的人民战争、总体战、阻击战，是对我们的重大考验。广大党员、干部要增强必胜之心、责任之心、仁爱之心、谨慎之心，狠抓工作落实，增强忧患意识，提升工作本领，在大战中践行初心使命，在大考中交出合格答卷，坚决完成疫情防控和经济社会发展各项任务。（来源：甘肃省人民政府网站）,2020/2/28,新冠肺炎 疫情防控 经济社会发展
2020年是决胜全面建成小康社会、决战脱贫攻坚的收官之年，健康扶贫是今年必须完成的硬任务，决不能有缓一缓、等一等的思想。为贯彻落实习近平总书记重要指示精神和党中央、国务院关于新冠肺炎疫情防控和脱贫攻坚的决策部署，指导各地做好疫情防控期间健康扶贫工作，确保如期高质量完成健康扶贫任务，国家卫生健康委印发《关于新冠肺炎疫情防控期间统筹推进健康扶贫工作的通知》（以下简称通知）。　　《通知》从三个方面对疫情防控期间各地统筹推进健康扶贫工作提出了要求：　　一是要求全国卫生健康系统坚持疫情防控、健康扶贫“两手抓”“两手硬”，统筹安排，以疫情防控为切入点，紧紧围绕全面实现贫困人口基本医疗有保障目标，扎实推进各项任务落实，举全系统之力，坚决打赢疫情防控阻击战和健康扶贫攻坚战。　　二是要求各地落实分区分级疫情防控策略，低风险地区落实“外防输入”策略，中风险地区落实“外防输入、内防扩散”策略，做好疫情防控的同时，压实脱贫攻坚责任，保持健康扶贫攻坚态势。高风险地区落实“内防扩散、外防输出、严格管控”策略，确保在疫情得到有效控制后，逐步有序推进健康扶贫各项重点工作。要处理好健康扶贫与疫情防控、各项基层医疗卫生工作的关系，统筹安排工作，统一调配力量，力戒官僚主义和形式主义，注重工作实效。　　三是要求各地以疫情防控为切入点，结合本地区疫情防控工作发现的短板弱项，进一步加强乡镇卫生院、村卫生室队伍建设，聚焦“空白点”消除，稳定和巩固基层服务网底。在确保新冠肺炎救治需要的前提下，科学、合理安排城市三级医院对口帮扶贫困县医院有关工作，巩固提升贫困地区医疗卫生服务能力。持续做好贫困人口基本医疗卫生服务，及时了解掌握贫困人口健康状况，有针对性地开展健康教育和健康促进，重点指导贫困人口做好个人和家庭防护，结合疫情实际做好贫困人口大病和慢性病分类救治。着力加强贫困地区乡村人居环境整治和公共卫生服务体系建设，坚决打赢健康扶贫攻坚战。　　相关链接：国家卫生健康委办公厅关于新冠肺炎疫情防控期间统筹推进健康扶贫工作的通知,2020/2/27,新冠肺炎 脱贫攻坚  疫情防控
因疫情防控实行小区（村）封闭式管理后，群众生活物资供应能否跟上，社区配送“最后一公里”是否打通？省委书记、省新冠肺炎疫情防控指挥部指挥长应勇对此十分牵挂。继多次召开专题会研究部署生活物资供应保障工作后，2月26日上午，应勇再次深入武汉市社区、超市检查督导生活物资供应情况。　　应勇强调，在小区（村）封闭式管理和公共区域管控全覆盖的情况下，广大人民群众识大体、顾大局，克服诸多困难，高度自律配合疫情防控，我们既要用好这股强大合力，抓紧抓实抓细各项疫情防控措施，也要时刻把保障人民群众基本生活记挂在心、见诸于行，充分发挥政府、企业、社区、志愿者等各方作　用，千方百计抓好生活必需品保供稳价，让品种更丰富、价格更实惠、配送更快捷，切实解决群众生活之忧。　　要想方设法做好居民生活物资供应保障　　应勇首先来到汉阳区龙阳街芳草社区。该社区积极协调附近生鲜店、百货店工作人员和志愿者一起负责居民菜品和日常用品配送。除了各种套餐组合，业主还可通过微信群点菜，满足个性化需求。应勇仔细察看蔬菜品种和价格，询问进货来源、配送情况。　　他叮嘱社区干部，群众生活无小事，要想方设法做好居民生活物资供应保障，我们工作做得更到位一些，居民困难就会少一些。有业主在楼上打招呼，应勇与他们“隔空对话”，问大家有没有什么困难，吃的东西缺不缺。　　“困难肯定是有的，请大家和我们一起克服。”应勇感谢大家的支持与配合，鼓励大家克服困难，加油坚守，齐心协力打赢疫情防控阻击战。　　　　一定要照顾好特殊群体的生活　　在江岸区球场街同庆阁社区，门口大棚下摆满了包括专供特殊群体的爱心菜等各种菜品。下沉的机关干部正与社区工作人员、志愿者一起值守，他们组建微信群，每天收集居民采购需求，向附近商超下单，再统一配送。　　应勇蹲下身仔细察看菜品质量、商品价格，叮嘱社区一定要照顾好孤寡老人等特殊群体的生活。　　确保库存充足，切实让群众获得实惠　　中百仓储黄浦路店为周边39个社区提供团购服务。工作人员正将社区订购的菜品逐一装上公交车，运送到各个社区，解决群众生活物资供应“最后一公里”的问题。　　应勇察看超市货品供应及价格情况，希望商超继续加大蔬菜、肉蛋奶等货源调度力度，确保库存充足。同时加强价格调控，切实让群众获得实惠。　　应勇：管控越是严格　　越要做好市场保供稳价工作　　在随后召开的专题会上，武汉市和省商务厅分别汇报了商超物流企业物资供应和社区居民物资配送、市州物资供应保障等情况。　　应勇强调，物资稳则民心稳，民心稳则大局稳。在以习近平同志为核心的党中央亲切关怀下，在兄弟省区市大力支援下，在各地各部门奋战拼搏下，目前全省生活必需品市场供应总体平稳，库存保障较为充足，群众看到了变化、得到了实惠，有力维护了社会大局稳定。　　疫情防控，既是抓阻隔、抓救治的战场，也是保供应、保民生的战场，前后方同等重要、互为支撑。　　小区（村）管控越是严格，越要做好市场保供稳价工作。　　要统筹省内省外市场货源，加大组织采购力度，进一步优化品种结构，确保既能满足群众一般需求，又能兼顾个性化需求。　　在疫情防控面前，人人都是参与者，政府、企业、基层干部、群众都要积极行动起来，各尽其责，共同打好疫情防控人民战争。　　政府部门及国有平台要研究综合运用财政补贴、税费减免等政策措施，从批发、销售、配送等环节降低费用成本，切实减轻企业负担，进而让利于民。　　要科学合理制定价格监管措施，确保肉蛋奶、蔬菜等生活必需品价格稳中有降；　　相关企业要自觉履行好社会责任，为群众提供质优价廉的商品；　　要鼓励引导群众参与志愿服务，在社区防控、物资配送等方面发挥积极作用。　　要把各项举措抓实抓细抓落地，鼓励基层创新，优化物流配送方式，切实解决好“最后一公里”问题。　　要发挥社会救助的托底保障作用，关心照顾好孤寡老人、残障人士等特殊群体基本生活。　　省领导王忠林、赵海山参加检查督导。（李保林、周呈思、陈迹）　　（来源：湖北省人民政府网站）,2020/2/27,新冠肺炎 疫情防控 生活物资
2月26日晚，国家卫生健康委召开党组会议，传达学习习近平总书记在中央政治局常委会会议上的重要讲话精神，研究提出贯彻落实具体措施。　　会议指出，新冠肺炎疫情发生以来，习近平总书记亲自指挥、亲自部署，密集主持召开中央政治局常委会、中央政治局会议等重要会议，作出重要部署，为全面夺取抗击疫情最终胜利指明了方向。习近平总书记再次主持召开中央政治局常委会会议，把疫情防控工作作为最重要的议题，持续予以部署安排、指挥调度。全国卫生健康系统要深刻认识当前疫情防控形势积极向好，但湖北省和武汉市疫情形势依然复杂严峻，其他有关地区疫情反弹风险不可忽视的形势，把思想和行动统一到以习近平同志为核心的党中央决策部署上来，统一到习近平总书记重要讲话精神上来，紧紧抓住主要矛盾和矛盾的主要方面，压实压细工作责任，抓紧抓好防控举措，巩固和扩大疫情防控工作成效，推进疫情形势持续向好态势。　　会议要求，要突出重点、分类指导，扎实做好疫情防控重点工作。一是在湖北省尤其是武汉市继续实施“严格管控、外防输出、内防暴发流行”策略。发挥大数据追踪管理作用，锁定“四类人员”的密切接触者进行重点排查，严格落实分类集中管理各项措施，确保全面清零。湖北周边省份与湖北建立省际间联防联控机制。北京市加强京津冀地区联防联控，全面落实社区联防联控，确保首都防控形势稳定。浙江、广东等重点省份加强与湖北等地的信息沟通共享，加大工作协同力度，有效防范湖北疫情向全国其他省份输出和扩散。全国其他地区，落实以县域为单位精准防控，实施“预防为主、外防输入、内防局部扩散”策略，确保重点对象登记在册，异常情况能够及时处置。严密关注世界疫情发展形势，及时研究制定预案，严防境外输入。二是在医疗救治上，既要加强轻症患者管理，又要加强重症救治。落实第六版诊疗方案，加大医务人员培训和医疗质量质控指导力度，推进轻症治疗“关口前移”，提高治愈率，防止轻症转为重症。进一步提升重症定点医院救治能力，推广比较成熟有效的治疗方法、药物和管理模式，坚持中西医结合，完善联合专家组分区包片网格化管理机制，开展巡诊指导。三是切实加强复工复产后的防控工作。压实属地责任，实施更严格的管理措施，加强对外来务工人员集中的企业、宿舍等重点场所，养老、救助、儿童福利、精神卫生医疗机构等特殊场所和重点人群防护措施。国务院联防联控机制防控组制订了一系列防控技术方案，要指导各地抓好落实。四是加快恢复正常医疗秩序。指导各地医疗机构做好急诊救治、住院分娩、肿瘤治疗、血液透析等紧急、持续性医疗服务的保障工作，满足正常医疗服务需求。五是进一步落实医务人员关怀关爱措施。做好医疗队原地轮休制度性安排，动态监测医务人员健康状态，加强院感控制和培训，关心医务人员心理状态，保障医务人员安全。落实各项待遇激励政策，对涌现出的先进典型进行大力宣传和表彰。六是继续加强同世界卫生组织紧密合作。认真研究、合理采纳世界卫生组织专家考察组对我国疫情防控提出的建议。,2020/2/27,新冠肺炎 疫情防控 卫生健康
,,
,,
,,
,,
,,
,,
,,
,,
,,
,,
,,
,,
,,
,,
,,
,,
,,
,,
,,
,,
,,
,,
,,
,,
,,
,,
,,
,,
,,
,,
,,
,,
,,
,,
,,
,,
,,
,,
,,
,,
,,
,,
,,
,,
,,
,,
,,
,,
,,
,,
,,
,,
,,
,,
,,
,,
,,
,,
,,
,,
,,
,,
,,
,,
,,
,,
,,
,,
,,
,,
,,
,,
,,
,,
,,
,,
,,
,,
,,
,,
,,
,,
,,
,,
,,
,,
,,
,,
,,
,,
,,
,,
,,
,,
,,
,,
,,
,,
,,
,,
,,
,,
,,
,,
,,
,,
,,
,,
,,
,,
,,
,,
,,
,,
,,
,,
,,
,,
,,
,,
,,
,,
,,
,,
,,
,,
,,
,,
,,
,,
,,
,,
,,
,,
,,
,,
,,
,,
,,
,,
,,
,,
,,
,,
,,
,,
,,
,,
,,
,,
,,
,,
,,
,,
,,
,,
,,
,,
,,
,,
,,
,,
,,
,,
,,
,,
,,
,,
,,
,,
,,
,,
,,
,,
,,
,,
,,
,,
,,
,,
,,
,,
,,
,,
,,
,,
,,
,,
,,
,,
,,
,,
,,
,,
,,
,,
,,
,,
,,
,,
,,
,,
,,
,,
,,
,,
,,
,,
,,
,,
,,
,,
,,
,,
,,
,,
,,
,,
,,
,,
,,
,,
,,
,,
,,
,,
,,
,,
,,
,,
,,
,,
,,
,,
,,
,,
,,
,,
,,
,,
,,
,,
,,
,,
,,
,,
,,
,,
,,
,,
,,
,,
,,
,,
,,
,,
,,
,,
,,
,,
,,
,,
,,
,,
,,
,,
,,
,,
,,
,,
,,
,,
,,
,,
,,
,,
,,
,,
,,
,,
,,
,,
,,
,,
,,
,,
,,
,,
,,
,,
,,
,,
,,
,,
,,
,,
,,
,,
,,
,,
,,
,,
,,
,,
,,
,,
,,
,,
,,
,,
,,
,,
,,
,,
,,
,,
,,
,,
,,
,,
,,
,,
,,
,,
,,
,,
,,
,,
,,
,,
,,
,,
,,
,,
,,
,,
,,
,,
,,
,,
,,
,,
,,
,,
,,
,,
,,
,,
,,
,,
,,
,,
,,
,,
,,
,,
,,
,,
,,
,,
,,
,,
,,
,,
,,
,,
,,
,,
,,
,,
,,
,,
,,
,,
,,
,,
,,
,,
,,
,,
,,
,,
,,
,,
,,
,,
,,
,,
,,
,,
,,
,,
,,
,,
,,
,,
,,
,,
,,
,,
,,
,,
,,
,,
,,
,,
,,
,,
,,
,,
,,
,,
,,
,,
,,
,,
,,
,,
,,
,,
,,
,,
,,
,,
,,
,,
,,
,,
,,
,,
,,
,,
,,
,,
,,
,,
,,
,,
,,
,,
,,
,,
,,
,,
,,
,,
,,
,,
,,
,,
,,
,,
,,
,,
,,
,,
,,
,,
,,
,,
,,
,,
,,
,,
,,
,,
,,
,,
,,
,,
,,
,,
,,
,,
,,
,,
,,
,,
,,
,,
,,
,,
,,
,,
,,
,,
,,
,,
,,
,,
,,
,,
,,
,,
,,
,,
,,
,,
,,
,,
,,
,,
,,
,,
,,
,,
,,
,,
,,
,,
,,
,,
,,
,,
,,
,,
,,
,,
,,
,,
,,
,,
,,
,,
,,
,,
,,
,,
,,
,,
,,
,,
,,
,,
,,
,,
,,
,,
,,
,,
,,
,,
,,
,,
,,
,,
,,
,,
,,
,,
,,
,,
,,
,,
,,
,,
,,
,,
,,
,,
,,
,,
,,
,,
,,
,,
,,
,,
,,
,,
,,
,,
,,
,,
,,
,,
,,
,,
,,
,,
,,
,,
,,
,,
,,
,,
,,
,,
,,
,,
,,
,,
,,
,,
,,
,,
,,
,,
,,
,,
,,
,,
,,
,,
,,
,,
,,
,,
,,
,,
,,
,,
,,
,,
,,
,,
,,
,,
,,
,,
,,
,,
,,
,,
,,
,,
,,
,,
,,
,,
,,
,,
,,
,,
,,
,,
,,
,,
,,
,,
,,
,,
,,
,,
,,
,,
,,
,,
,,
,,
,,
,,
,,
,,
,,
,,
,,
,,
,,
,,
,,
,,
,,
,,
,,
,,
,,
,,
,,
,,
,,
,,
,,
,,
,,
,,
,,
,,
,,
,,
,,
,,
,,
,,
,,
,,
,,
,,
,,
,,
,,
,,
,,
,,
,,
,,
,,
,,
,,
,,
,,
,,
,,
,,
,,
,,
,,
,,
,,
,,
,,
,,
,,
,,
,,
,,
,,
,,
,,
,,
,,
,,
,,
,,
,,
,,
,,
,,
,,
,,
,,
,,
,,
,,
,,
,,
,,
,,
,,
,,
,,
,,
,,
,,
,,
,,
,,
,,
,,
,,
,,
,,
,,
,,
,,
,,
,,
,,
,,
,,
,,
,,
,,
,,
,,
,,
,,
,,
,,
,,
,,
,,
,,
,,
,,
,,
,,
,,
,,
,,
,,
,,
,,
,,
,,
,,
,,
,,
,,
,,
,,
,,
,,
,,
,,
,,
,,
,,
,,
,,
,,
,,
,,
,,
,,
,,
,,
,,
,,
,,
,,
,,
,,
,,
,,
,,
,,
,,
,,
,,
,,
,,
,,
,,
,,
,,
,,
,,
,,
,,
,,
,,
,,
,,
,,
,,
,,
,,
,,
,,
,,
,,
,,
,,
,,
,,
,,
,,
,,
,,
,,
,,
,,
,,
,,
,,
,,
,,
,,
,,
,,
,,
,,
,,
,,
,,
,,
,,
,,
,,
,,
,,
,,
,,
,,
,,
,,
,,
,,
,,
,,
,,
,,
,,
,,
,,
,,
,,
,,
,,
,,
,,
,,
,,
,,
,,
,,
,,
,,
,,
,,
,,
,,
,,
,,
,,
,,
,,
,,
,,
,,
,,
,,
,,
,,
,,
,,
,,
,,
,,
,,
,,
,,
,,
,,
,,
,,
,,
,,
,,
,,
,,
,,
,,
,,
,,
,,
,,
,,
,,
,,
,,
,,
,,
,,
,,
,,
,,
,,
,,
,,
,,
,,
,,
,,
,,
,,
,,
,,
,,
,,
,,
,,
,,
,,
,,
,,
,,
,,
,,
,,
,,
,,
,,
,,
,,
,,
,,
,,
,,
,,
,,
,,
,,
,,
,,
,,
,,
,,
,,
,,
,,
,,
,,
,,
,,
,,
,,
,,
,,
,,
,,
,,
,,
,,
,,
,,
,,
,,
,,
,,
,,
,,
,,
,,
,,
,,
,,
,,
,,
,,
,,
,,
,,
,,
,,
,,
,,
,,
,,
,,
,,
,,
,,
,,
,,
,,
,,
,,
,,
,,
,,
,,
,,
,,
,,
,,
,,
,,
,,
,,
,,
,,
,,
,,
,,
,,
,,
,,
,,
,,
,,
,,
,,
,,
,,
,,
,,
,,
,,
,,
,,
,,
,,
,,
,,
,,
,,
,,
,,
,,
,,
,,
,,
,,
,,
,,
,,
,,
,,
,,
,,
,,
,,
,,
,,
,,
,,
,,
,,
,,
,,
,,
,,
,,
,,
,,
,,
,,
,,
,,
,,
,,
,,
,,
,,
,,
,,
,,
,,
,,
,,
,,
,,
,,
,,
,,
,,
,,
,,
,,
,,
,,
,,
,,
,,
,,
,,
,,
,,
,,
,,
,,
,,
,,
,,
,,
,,
,,
,,
,,
,,
,,
,,
,,
,,
,,
,,
,,
,,
,,
,,
,,
,,
,,
,,
,,
,,
,,
,,
,,
,,
,,
,,
,,
,,
,,
,,
,,
,,
,,
,,
,,
,,
,,
,,
,,
,,
,,
,,
,,
,,
,,
,,
,,
,,
,,
,,
,,
,,
,,
,,
,,
,,
,,
,,
,,
,,
,,
,,
,,
,,
,,
,,
,,
,,
,,
,,
,,
,,
,,
,,
,,
,,
,,
,,
,,
,,
,,
,,
,,
,,
,,
,,
,,
,,
,,
,,
,,
,,
,,
,,
,,
,,
,,
,,
,,
,,
,,
,,
,,
,,
,,
,,
,,
,,
,,
,,
,,
,,
,,
,,
,,
,,
,,
,,
,,
,,
,,
,,
,,
,,
,,
,,
,,
,,
,,
,,
,,
,,
,,
,,
,,
,,
,,
,,
,,
,,
,,
,,
,,
,,
,,
,,
,,
,,
,,
,,
,,
,,
,,
,,
,,
,,
,,
,,
,,
,,
,,
,,
,,
,,
,,
,,
,,
,,
,,
,,
,,
,,
,,
,,
,,
,,
,,
,,
,,
,,
,,
,,
,,
,,
,,
,,
,,
,,
,,
,,
,,
,,
,,
,,
,,
,,
,,
,,
,,
,,
,,
,,
,,
,,
,,
,,
,,
,,
,,
,,
,,
,,
,,
,,
,,
,,
,,
,,
,,
,,
,,
,,
,,
,,
,,
,,
,,
,,
,,
,,
,,
,,
,,
,,
,,
,,
,,
,,
,,
,,
,,
,,
,,
,,
,,
,,
,,
,,
,,
,,
,,
,,
,,
,,
,,
,,
,,
,,
,,
,,
,,
,,
,,
,,
,,
,,
,,
,,
,,
,,
,,
,,
,,
,,
,,
,,
,,
,,
,,
,,
,,
,,
,,
,,
,,
,,
,,
,,
,,
,,
,,
,,
,,
,,
,,
,,
,,
,,
,,
,,
,,
,,
,,
,,
,,
,,
,,
,,
,,
,,
,,
,,
,,
,,
,,
,,
,,
,,
,,
,,
,,
,,
,,
,,
,,
,,
,,
,,
,,
,,
,,
,,
,,
,,
,,
,,
,,
,,
,,
,,
,,
,,
,,
,,
,,
,,
,,
,,
,,
,,
,,
,,
,,
,,
,,
,,
,,
,,
,,
,,
,,
,,
,,
,,
,,
,,
,,
,,
,,
,,
,,
,,
,,
,,
,,
,,
,,
,,
,,
,,
,,
,,
,,
,,
,,
,,
,,
,,
,,
,,
,,
,,
,,
,,
,,
,,
,,
,,
,,
,,
,,
,,
,,
,,
,,
,,
,,
,,
,,
,,
,,
,,
,,
,,
,,
,,
,,
,,
,,
,,
,,
,,
,,
,,
,,
,,
,,
,,
,,
,,
,,
,,
,,
,,
,,
,,
,,
,,
,,
,,
,,
,,
,,
,,
,,
,,
,,
,,
,,
,,
,,
,,
,,
,,
,,
,,
,,
,,
,,
,,
,,
,,
,,
,,
,,
,,
,,
,,
,,
,,
,,
,,
,,
,,
,,
,,
,,
,,
,,
,,
,,
,,
,,
,,
,,
,,
,,
,,
,,
,,
,,
,,
,,
,,
,,
,,
,,
,,
,,
,,
,,
,,
,,
,,
,,
,,
,,
,,
,,
,,
,,
,,
,,
,,
,,
,,
,,
,,
,,
,,
,,
,,
,,
,,
,,
,,
,,
,,
,,
,,
,,
,,
,,
,,
,,
,,
,,
,,
,,
,,
,,
,,
,,
,,
,,
,,
,,
,,
,,
,,
,,
,,
,,
,,
,,
,,
,,
,,
,,
,,
,,
,,
,,
,,
,,
,,
,,
,,
,,
,,
,,
,,
,,
,,
,,
,,
,,
,,
,,
,,
,,
,,
,,
,,
,,
,,
,,
,,
,,
,,
,,
,,
,,
,,
,,
,,
,,
,,
,,
,,
,,
,,
,,
,,
,,
,,
,,
,,
,,
,,
,,
,,
,,
,,
,,
,,
,,
,,
,,
,,
,,
,,
,,
,,
,,
,,
,,
,,
,,
,,
,,
,,
,,
,,
,,
,,
,,
,,
,,
,,
,,
,,
,,
,,
,,
,,
,,
,,
,,
,,
,,
,,
,,
,,
,,
,,
,,
,,
,,
,,
,,
,,
,,
,,
,,
,,
,,
,,
,,
,,
,,
,,
,,
,,
,,
,,
,,
,,
,,
,,
,,
,,
,,
,,
,,
,,
,,
,,
,,
,,
,,
,,
,,
,,
,,
,,
,,
,,
,,
,,
,,
,,
,,
,,
,,
,,
,,
,,
,,
,,
,,
,,
,,
,,
,,
,,
,,
,,
,,
,,
,,
,,
,,
,,
,,
,,
,,
,,
,,
,,
,,
,,
,,
,,
,,
,,
,,
,,
,,
,,
,,
,,
,,
,,
,,
,,
,,
,,
,,
,,
,,
,,
,,
,,
,,
,,
,,
,,
,,
,,
,,
,,
,,
,,
,,
,,
,,
,,
,,
,,
,,
,,
,,
,,
,,
,,
,,
,,
,,
,,
,,
,,
,,
,,
,,
,,
,,
,,
,,
,,
,,
,,
,,
,,
,,
,,
,,
,,
,,
,,
,,
,,
,,
,,
,,
,,
,,
,,
,,
,,
,,
,,
,,
,,
,,
,,
,,
,,
,,
,,
,,
,,
,,
,,
,,
,,
,,
,,
,,
,,
,,
,,
,,
,,
,,
,,
,,
,,
,,
,,
,,
,,
,,
,,
,,
,,
,,
,,
,,
,,
,,
,,
,,
,,
,,
,,
,,
,,
,,
,,
,,
,,
,,
,,
,,
,,
,,
,,
,,
,,
,,
,,
,,
,,
,,
,,
,,
,,
,,
,,
,,
,,
,,
,,
,,
,,
,,
,,
,,
,,
,,
,,
,,
,,
,,
,,
,,
,,
,,
,,
,,
,,
,,
,,
,,
,,
,,
,,
,,
,,
,,
,,
,,
,,
,,
,,
,,
,,
,,
,,
,,
,,
,,
,,
,,
,,
,,
,,
,,
,,
,,
,,
,,
,,
,,
,,
,,
,,
,,
,,
,,
,,
,,
,,
,,
,,
,,
,,
,,
,,
,,
,,
,,
,,
,,
,,
,,
,,
,,
,,
,,
,,
,,
,,
,,
,,
,,
,,
,,
,,
,,
,,
,,
,,
,,
,,
,,
,,
,,
,,
,,
,,
,,
,,
,,
,,
,,
,,
,,
,,
,,
,,
,,
,,
,,
,,
,,
,,
,,
,,
,,
,,
,,
,,
,,
,,
,,
,,
,,
,,
,,
,,
,,
,,
,,
,,
,,
,,
,,
,,
,,
,,
,,
,,
,,
,,
,,
,,
,,
,,
,,
,,
,,
,,
,,
,,
,,
,,
,,
,,
,,
,,
,,
,,
,,
,,
,,
,,
,,
,,
,,
,,
,,
,,
,,
,,
,,
,,
,,
,,
,,
,,
,,
,,
,,
,,
,,
,,
,,
,,
,,
,,
,,
,,
,,
,,
,,
,,
,,
,,
,,
,,
,,
,,
,,
,,
,,
,,
,,
,,
,,
,,
,,
,,
,,
,,
,,
,,
,,
,,
,,
,,
,,
,,
,,
,,
,,
,,
,,
,,
,,
,,
,,
,,
,,
,,
,,
,,
,,
,,
,,
,,
,,
,,
,,
,,
,,
,,
,,
,,
,,
,,
,,
,,
,,
,,
,,
,,
,,
,,
,,
,,
,,
,,
,,
,,
,,
,,
,,
,,
,,
,,
,,
,,
,,
,,
,,
,,
,,
,,
,,
,,
,,
,,
,,
,,
,,
,,
,,
,,
,,
,,
,,
,,
,,
,,
,,
,,
,,
,,
,,
,,
,,
,,
,,
,,
,,
,,
,,
,,
,,
,,
,,
,,
,,
,,
,,
,,
,,
,,
,,
,,
,,
,,
,,
,,
,,
,,
,,
,,
,,
,,
,,
,,
,,
,,
,,
,,
,,
,,
,,
,,
,,
,,
,,
,,
,,
,,
,,
,,
,,
,,
,,
,,
,,
,,
,,
,,
,,
,,
,,
,,
,,
,,
,,
,,
,,
,,
,,
,,
,,
,,
,,
,,
,,
,,
,,
,,
,,
,,
,,
,,
,,
,,
,,
,,
,,
,,
,,
,,
,,
,,
,,
,,
,,
,,
,,
,,
,,
,,
,,
,,
,,
,,
,,
,,
,,
,,
,,
,,
,,
,,
,,
,,
,,
,,
,,
,,
,,
,,
,,
,,
,,
,,
,,
,,
,,
,,
,,
,,
,,
,,
,,
,,
,,
,,
,,
,,
,,
,,
,,
,,
,,
,,
,,
,,
,,
,,
,,
,,
,,
,,
,,
,,
,,
,,
,,
,,
,,
,,
,,
,,
,,
,,
,,
,,
,,
,,
,,
,,
,,
,,
,,
,,
,,
,,
,,
,,
,,
,,
,,
,,
,,
,,
,,
,,
,,
,,
,,
,,
,,
,,
,,
,,
,,
,,
,,
,,
,,
,,
,,
,,
,,
,,
,,
,,
,,
,,
,,
,,
,,
,,
,,
,,
,,
,,
,,
,,
,,
,,
,,
,,
,,
,,
,,
,,
,,
,,
,,
,,
,,
,,
,,
,,
,,
,,
,,
,,
,,
,,
,,
,,
,,
,,
,,
,,
,,
,,
,,
,,
,,
,,
,,
,,
,,
,,
,,
,,
,,
,,
,,
,,
,,
,,
,,
,,
,,
,,
,,
,,
,,
,,
,,
,,
,,
,,
,,
,,
,,
,,
,,
,,
,,
,,
,,
,,
,,
,,
,,
,,
,,
,,
,,
,,
,,
,,
,,
,,
,,
,,
,,
,,
,,
,,
,,
,,
,,
,,
,,
,,
,,
,,
,,
,,
,,
,,
,,
,,
,,
,,
,,
,,
,,
,,
,,
,,
,,
,,
,,
,,
,,
,,
,,
,,
,,
,,
,,
,,
,,
,,
,,
,,
,,
,,
,,
,,
,,
,,
,,
,,
,,
,,
,,
,,
,,
,,
,,
,,
,,
,,
,,
,,
,,
,,
,,
,,
,,
,,
,,
,,
,,
,,
,,
,,
,,
,,
,,
,,
,,
,,
,,
,,
,,
,,
,,
,,
,,
,,
,,
,,
,,
,,
,,
,,
,,
,,
,,
,,
,,
,,
,,
,,
,,
,,
,,
,,
,,
,,
,,
,,
,,
,,
,,
,,
,,
,,
,,
,,
,,
,,
,,
,,
,,
,,
,,
,,
,,
,,
,,
,,
,,
,,
,,
,,
,,
,,
,,
,,
,,
,,
,,
,,
,,
,,
,,
,,
,,
,,
,,
,,
,,
,,
,,
,,
,,
,,
,,
,,
,,
,,
,,
,,
,,
,,
,,
,,
,,
,,
,,
,,
,,
,,
,,
,,
,,
,,
,,
,,
,,
,,
,,
,,
,,
,,
,,
,,
,,
,,
,,
,,
,,
,,
,,
,,
,,
,,
,,
,,
,,
,,
,,
,,
,,
,,
,,
,,
,,
,,
,,
,,
,,
,,
,,
,,
,,
,,
,,
,,
,,
,,
,,
,,
,,
,,
,,
,,
,,
,,
,,
,,
,,
,,
,,
,,
,,
,,
,,
,,
,,
,,
,,
,,
,,
,,
,,
,,
,,
,,
,,
,,
,,
,,
,,
,,
,,
,,
,,
,,
,,
,,
,,
,,
,,
,,
,,
,,
,,
,,
,,
,,
,,
,,
,,
,,
,,
,,
,,
,,
,,
,,
,,
,,
,,
,,
,,
,,
,,
,,
,,
,,
,,
,,
,,
,,
,,
,,
,,
,,
,,
,,
,,
,,
,,
,,
,,
,,
,,
,,
,,
,,
,,
,,
,,
,,
,,
,,
,,
,,
,,
,,
,,
,,
,,
,,
,,
,,
,,
,,
,,
,,
,,
,,
,,
,,
,,
,,
,,
,,
,,
,,
,,
,,
,,
,,
,,
,,
,,
,,
,,
,,
,,
,,
,,
,,
,,
,,
,,
,,
,,
,,
,,
,,
,,
,,
,,
,,
,,
,,
,,
,,
,,
,,
,,
,,
,,
,,
,,
,,
,,
,,
,,
,,
,,
,,
,,
,,
,,
,,
,,
,,
,,
,,
,,
,,
,,
,,
,,
,,
,,
,,
,,
,,
,,
,,
,,
,,
,,
,,
,,
,,
,,
,,
,,
,,
,,
,,
,,
,,
,,
,,
,,
,,
,,
,,
,,
,,
,,
,,
,,
,,
,,
,,
,,
,,
,,
,,
,,
,,
,,
,,
,,
,,
,,
,,
,,
,,
,,
,,
,,
,,
,,
,,
,,
,,
,,
,,
,,
,,
,,
,,
,,
,,
,,
,,
,,
,,
,,
,,
,,
,,
,,
,,
,,
,,
,,
,,
,,
,,
,,
,,
,,
,,
,,
,,
,,
,,
,,
,,
,,
,,
,,
,,
,,
,,
,,
,,
,,
,,
,,
,,
,,
,,
,,
,,
,,
,,
,,
,,
,,
,,
,,
,,
,,
,,
,,
,,
,,
,,
,,
,,
,,
,,
,,
,,
,,
,,
,,
,,
,,
,,
,,
,,
,,
,,
,,
,,
,,
,,
,,
,,
,,
,,
,,
,,
,,
,,
,,
,,
,,
,,
,,
,,
,,
,,
,,
,,
,,
,,
,,
,,
,,
,,
,,
,,
,,
,,
,,
,,
,,
,,
,,
,,
,,
,,
,,
,,
,,
,,
,,
,,
,,
,,
,,
,,
,,
,,
,,
,,
,,
,,
,,
,,
,,
,,
,,
,,
,,
,,
,,
,,
,,
,,
,,
,,
,,
,,
,,
,,
,,
,,
,,
,,
,,
,,
,,
,,
,,
,,
,,
,,
,,
,,
,,
,,
,,
,,
,,
,,
,,
,,
,,
,,
,,
,,
,,
,,
,,
,,
,,
,,
,,
,,
,,
,,
,,
,,
,,
,,
,,
,,
,,
,,
,,
,,
,,
,,
,,
,,
,,
,,
,,
,,
,,
,,
,,
,,
,,
,,
,,
,,
,,
,,
,,
,,
,,
,,
,,
,,
,,
,,
,,
,,
,,
,,
,,
,,
,,
,,
,,
,,
,,
,,
,,
,,
,,
,,
,,
,,
,,
,,
,,
,,
,,
,,
,,
,,
,,
,,
,,
,,
,,
,,
,,
,,
,,
,,
,,
,,
,,
,,
,,
,,
,,
,,
,,
,,
,,
,,
,,
,,
,,
,,
,,
,,
,,
,,
,,
,,
,,
,,
,,
,,
,,
,,
,,
,,
,,
,,
,,
,,
,,
,,
,,
,,
,,
,,
,,
,,
,,
,,
,,
,,
,,
,,
,,
,,
,,
,,
,,
,,
,,
,,
,,
,,
,,
,,
,,
,,
,,
,,
,,
,,
,,
,,
,,
,,
,,
,,
,,
,,
,,
,,
,,
,,
,,
,,
,,
,,
,,
,,
,,
,,
,,
,,
,,
,,
,,
,,
,,
,,
,,
,,
,,
,,
,,
,,
,,
,,
,,
,,
,,
,,
,,
,,
,,
,,
,,
,,
,,
,,
,,
,,
,,
,,
,,
,,
,,
,,
,,
,,
,,
,,
,,
,,
,,
,,
,,
,,
,,
,,
,,
,,
,,
,,
,,
,,
,,
,,
,,
,,
,,
,,
,,
,,
,,
,,
,,
,,
,,
,,
,,
,,
,,
,,
,,
,,
,,
,,
,,
,,
,,
,,
,,
,,
,,
,,
,,
,,
,,
,,
,,
,,
,,
,,
,,
,,
,,
,,
,,
,,
,,
,,
,,
,,
,,
,,
,,
,,
,,
,,
,,
,,
,,
,,
,,
,,
,,
,,
,,
,,
,,
,,
,,
,,
,,
,,
,,
,,
,,
,,
,,
,,
,,
,,
,,
,,
,,
,,
,,
,,
,,
,,
,,
,,
,,
,,
,,
,,
,,
,,
,,
,,
,,
,,
,,
,,
,,
,,
,,
,,
,,
,,
,,
,,
,,
,,
,,
,,
,,
,,
,,
,,
,,
,,
,,
,,
,,
,,
,,
,,
,,
,,
,,
,,
,,
,,
,,
,,
,,
,,
,,
,,
,,
,,
,,
,,
,,
,,
,,
,,
,,
,,
,,
,,
,,
,,
,,
,,
,,
,,
,,
,,
,,
,,
,,
,,
,,
,,
,,
,,
,,
,,
,,
,,
,,
,,
,,
,,
,,
,,
,,
,,
,,
,,
,,
,,
,,
,,
,,
,,
,,
,,
,,
,,
,,
,,
,,
,,
,,
,,
,,
,,
,,
,,
,,
,,
,,
,,
,,
,,
,,
,,
,,
,,
,,
,,
,,
,,
,,
,,
,,
,,
,,
,,
,,
,,
,,
,,
,,
,,
,,
,,
,,
,,
,,
,,
,,
,,
,,
,,
,,
,,
,,
,,
,,
,,
,,
,,
,,
,,
,,
,,
,,
,,
,,
,,
,,
,,
,,
,,
,,
,,
,,
,,
,,
,,
,,
,,
,,
,,
,,
,,
,,
,,
,,
,,
,,
,,
,,
,,
,,
,,
,,
,,
,,
,,
,,
,,
,,
,,
,,
,,
,,
,,
,,
,,
,,
,,
,,
,,
,,
,,
,,
,,
,,
,,
,,
,,
,,
,,
,,
,,
,,
,,
,,
,,
,,
,,
,,
,,
,,
,,
,,
,,
,,
,,
,,
,,
,,
,,
,,
,,
,,
,,
,,
,,
,,
,,
,,
,,
,,
,,
,,
,,
,,
,,
,,
,,
,,
,,
,,
,,
,,
,,
,,
,,
,,
,,
,,
,,
,,
,,
,,
,,
,,
,,
,,
,,
,,
,,
,,
,,
,,
,,
,,
,,
,,
,,
,,
,,
,,
,,
,,
,,
,,
,,
,,
,,
,,
,,
,,
,,
,,
,,
,,
,,
,,
,,
,,
,,
,,
,,
,,
,,
,,
,,
,,
,,
,,
,,
,,
,,
,,
,,
,,
,,
,,
,,
,,
,,
,,
,,
,,
,,
,,
,,
,,
,,
,,
,,
,,
,,
,,
,,
,,
,,
,,
,,
,,
,,
,,
,,
,,
,,
,,
,,
,,
,,
,,
,,
,,
,,
,,
,,
,,
,,
,,
,,
,,
,,
,,
,,
,,
,,
,,
,,
,,
,,
,,
,,
,,
,,
,,
,,
,,
,,
,,
,,
,,
,,
,,
,,
,,
,,
,,
,,
,,
,,
,,
,,
,,
,,
,,
,,
,,
,,
,,
,,
,,
,,
,,
,,
,,
,,
,,
,,
,,
,,
,,
,,
,,
,,
,,
,,
,,
,,
,,
,,
,,
,,
,,
,,
,,
,,
,,
,,
,,
,,
,,
,,
,,
,,
,,
,,
,,
,,
,,
,,
,,
,,
,,
,,
,,
,,
,,
,,
,,
,,
,,
,,
,,
,,
,,
,,
,,
,,
,,
,,
,,
,,
,,
,,
,,
,,
,,
,,
,,
,,
,,
,,
,,
,,
,,
,,
,,
,,
,,
,,
,,
,,
,,
,,
,,
,,
,,
,,
,,
,,
,,
,,
,,
,,
,,
,,
,,
,,
,,
,,
,,
,,
,,
,,
,,
,,
,,
,,
,,
,,
,,
,,
,,
,,
,,
,,
,,
,,
,,
,,
,,
,,
,,
,,
,,
,,
,,
,,
,,
,,
,,
,,
,,
,,
,,
,,
,,
,,
,,
,,
,,
,,
,,
,,
,,
,,
,,
,,
,,
,,
,,
,,
,,
,,
,,
,,
,,
,,
,,
,,
,,
,,
,,
,,
,,
,,
,,
,,
,,
,,
,,
,,
,,
,,
,,
,,
,,
,,
,,
,,
,,
,,
,,
,,
,,
,,
,,
,,
,,
,,
,,
,,
,,
,,
,,
,,
,,
,,
,,
,,
,,
,,
,,
,,
,,
,,
,,
,,
,,
,,
,,
,,
,,
,,
,,
,,
,,
,,
,,
,,
,,
,,
,,
,,
,,
,,
,,
,,
,,
,,
,,
,,
,,
,,
,,
,,
,,
,,
,,
,,
,,
,,
,,
,,
,,
,,
,,
,,
,,
,,
,,
,,
,,
,,
,,
,,
,,
,,
,,
,,
,,
,,
,,
,,
,,
,,
,,
,,
,,
,,
,,
,,
,,
,,
,,
,,
,,
,,
,,
,,
,,
,,
,,
,,
,,
,,
,,
,,
,,
,,
,,
,,
,,
,,
,,
,,
,,
,,
,,
,,
,,
,,
,,
,,
,,
,,
,,
,,
,,
,,
,,
,,
,,
,,
,,
,,
,,
,,
,,
,,
,,
,,
,,
,,
,,
,,
,,
,,
,,
,,
,,
,,
,,
,,
,,
,,
,,
,,
,,
,,
,,
,,
,,
,,
,,
,,
,,
,,
,,
,,
,,
,,
,,
,,
,,
,,
,,
,,
,,
,,
,,
,,
,,
,,
,,
,,
,,
,,
,,
,,
,,
,,
,,
,,
,,
,,
,,
,,
,,
,,
,,
,,
,,
,,
,,
,,
,,
,,
,,
,,
,,
,,
,,
,,
,,
,,
,,
,,
,,
,,
,,
,,
,,
,,
,,
,,
,,
,,
,,
,,
,,
,,
,,
,,
,,
,,
,,
,,
,,
,,
,,
,,
,,
,,
,,
,,
,,
,,
,,
,,
,,
,,
,,
,,
,,
,,
,,
,,
,,
,,
,,
,,
,,
,,
,,
,,
,,
,,
,,
,,
,,
,,
,,
,,
,,
,,
,,
,,
,,
,,
,,
,,
,,
,,
,,
,,
,,
,,
,,
,,
,,
,,
,,
,,
,,
,,
,,
,,
,,
,,
,,
,,
,,
,,
,,
,,
,,
,,
,,
,,
,,
,,
,,
,,
,,
,,
,,
,,
,,
,,
,,
,,
,,
,,
,,
,,
,,
,,
,,
,,
,,
,,
,,
,,
,,
,,
,,
,,
,,
,,
,,
,,
,,
,,
,,
,,
,,
,,
,,
,,
,,
,,
,,
,,
,,
,,
,,
,,
,,
,,
,,
,,
,,
,,
,,
,,
,,
,,
,,
,,
,,
,,
,,
,,
,,
,,
,,
,,
,,
,,
,,
,,
,,
,,
,,
,,
,,
,,
,,
,,
,,
,,
,,
,,
,,
,,
,,
,,
,,
,,
,,
,,
,,
,,
,,
,,
,,
,,
,,
,,
,,
,,
,,
,,
,,
,,
,,
,,
,,
,,
,,
,,
,,
,,
,,
,,
,,
,,
,,
,,
,,
,,
,,
,,
,,
,,
,,
,,
,,
,,
,,
,,
,,
,,
,,
,,
,,
,,
,,
,,
,,
,,
,,
,,
,,
,,
,,
,,
,,
,,
,,
,,
,,
,,
,,
,,
,,
,,
,,
,,
,,
,,
,,
,,
,,
,,
,,
,,
,,
,,
,,
,,
,,
,,
,,
,,
,,
,,
,,
,,
,,
,,
,,
,,
,,
,,
,,
,,
,,
,,
,,
,,
,,
,,
,,
,,
,,
,,
,,
,,
,,
,,
,,
,,
,,
,,
,,
,,
,,
,,
,,
,,
,,
,,
,,
,,
,,
,,
,,
,,
,,
,,
,,
,,
,,
,,
,,
,,
,,
,,
,,
,,
,,
,,
,,
,,
,,
,,
,,
,,
,,
,,
,,
,,
,,
,,
,,
,,
,,
,,
,,
,,
,,
,,
,,
,,
,,
,,
,,
,,
,,
,,
,,
,,
,,
,,
,,
,,
,,
,,
,,
,,
,,
,,
,,
,,
,,
,,
,,
,,
,,
,,
,,
,,
,,
,,
,,
,,
,,
,,
,,
,,
,,
,,
,,
,,
,,
,,
,,
,,
,,
,,
,,
,,
,,
,,
,,
,,
,,
,,
,,
,,
,,
,,
,,
,,
,,
,,
,,
,,
,,
,,
,,
,,
,,
,,
,,
,,
,,
,,
,,
,,
,,
,,
,,
,,
,,
,,
,,
,,
,,
,,
,,
,,
,,
,,
,,
,,
,,
,,
,,
,,
,,
,,
,,
,,
,,
,,
,,
,,
,,
,,
,,
,,
,,
,,
,,
,,
,,
,,
,,
,,
,,
,,
,,
,,
,,
,,
,,
,,
,,
,,
,,
,,
,,
,,
,,
,,
,,
,,
,,
,,
,,
,,
,,
,,
,,
,,
,,
,,
,,
,,
,,
,,
,,
,,
,,
,,
,,
,,
,,
,,
,,
,,
,,
,,
,,
,,
,,
,,
,,
,,
,,
,,
,,
,,
,,
,,
,,
,,
,,
,,
,,
,,
,,
,,
,,
,,
,,
,,
,,
,,
,,
,,
,,
,,
,,
,,
,,
,,
,,
,,
,,
,,
,,
,,
,,
,,
,,
,,
,,
,,
,,
,,
,,
,,
,,
,,
,,
,,
,,
,,
,,
,,
,,
,,
,,
,,
,,
,,
,,
,,
,,
,,
,,
,,
,,
,,
,,
,,
,,
,,
,,
,,
,,
,,
,,
,,
,,
,,
,,
,,
,,
,,
,,
,,
,,
,,
,,
,,
,,
,,
,,
,,
,,
,,
,,
,,
,,
,,
,,
,,
,,
,,
,,
,,
,,
,,
,,
,,
,,
,,
,,
,,
,,
,,
,,
,,
,,
,,
,,
,,
,,
,,
,,
,,
,,
,,
,,
,,
,,
,,
,,
,,
,,
,,
,,
,,
,,
,,
,,
,,
,,
,,
,,
,,
,,
,,
,,
,,
,,
,,
,,
,,
,,
,,
,,
,,
,,
,,
,,
,,
,,
,,
,,
,,
,,
,,
,,
,,
,,
,,
,,
,,
,,
,,
,,
,,
,,
,,
,,
,,
,,
,,
,,
,,
,,
,,
,,
,,
,,
,,
,,
,,
,,
,,
,,
,,
,,
,,
,,
,,
,,
,,
,,
,,
,,
,,
,,
,,
,,
,,
,,
,,
,,
,,
,,
,,
,,
,,
,,
,,
,,
,,
,,
,,
,,
,,
,,
,,
,,
,,
,,
,,
,,
,,
,,
,,
,,
,,
,,
,,
,,
,,
,,
,,
,,
,,
,,
,,
,,
,,
,,
,,
,,
,,
,,
,,
,,
,,
,,
,,
,,
,,
,,
,,
,,
,,
,,
,,
,,
,,
,,
,,
,,
,,
,,
,,
,,
,,
,,
,,
,,
,,
,,
,,
,,
,,
,,
,,
,,
,,
,,
,,
,,
,,
,,
,,
,,
,,
,,
,,
,,
,,
,,
,,
,,
,,
,,
,,
,,
,,
,,
,,
,,
,,
,,
,,
,,
,,
,,
,,
,,
,,
,,
,,
,,
,,
,,
,,
,,
,,
,,
,,
,,
,,
,,
,,
,,
,,
,,
,,
,,
,,
,,
,,
,,
,,
,,
,,
,,
,,
,,
,,
,,
,,
,,
,,
,,
,,
,,
,,
,,
,,
,,
,,
,,
,,
,,
,,
,,
,,
,,
,,
,,
,,
,,
,,
,,
,,
,,
,,
,,
,,
,,
,,
,,
,,
,,
,,
,,
,,
,,
,,
,,
,,
,,
,,
,,
,,
,,
,,
,,
,,
,,
,,
,,
,,
,,
,,
,,
,,
,,
,,
,,
,,
,,
,,
,,
,,
,,
,,
,,
,,
,,
,,
,,
,,
,,
,,
,,
,,
,,
,,
,,
,,
,,
,,
,,
,,
,,
,,
,,
,,
,,
,,
,,
,,
,,
,,
,,
,,
,,
,,
,,
,,
,,
,,
,,
,,
,,
,,
,,
,,
,,
,,
,,
,,
,,
,,
,,
,,
,,
,,
,,
,,
,,
,,
,,
,,
,,
,,
,,
,,
,,
,,
,,
,,
,,
,,
,,
,,
,,
,,
,,
,,
,,
,,
,,
,,
,,
,,
,,
,,
,,
,,
,,
,,
,,
,,
,,
,,
,,
,,
,,
,,
,,
,,
,,
,,
,,
,,
,,
,,
,,
,,
,,
,,
,,
,,
,,
,,
,,
,,
,,
,,
,,
,,
,,
,,
,,
,,
,,
,,
,,
,,
,,
,,
,,
,,
,,
,,
,,
,,
,,
,,
,,
,,
,,
,,
,,
,,
,,
,,
,,
,,
,,
,,
,,
,,
,,
,,
,,
,,
,,
,,
,,
,,
,,
,,
,,
,,
,,
,,
,,
,,
,,
,,
,,
,,
,,
,,
,,
,,
,,
,,
,,
,,
,,
,,
,,
,,
,,
,,
,,
,,
,,
,,
,,
,,
,,
,,
,,
,,
,,
,,
,,
,,
,,
,,
,,
,,
,,
,,
,,
,,
,,
,,
,,
,,
,,
,,
,,
,,
,,
,,
,,
,,
,,
,,
,,
,,
,,
,,
,,
,,
,,
,,
,,
,,
,,
,,
,,
,,
,,
,,
,,
,,
,,
,,
,,
,,
,,
,,
,,
,,
,,
,,
,,
,,
,,
,,
,,
,,
,,
,,
,,
,,
,,
,,
,,
,,
,,
,,
,,
,,
,,
,,
,,
,,
,,
,,
,,
,,
,,
,,
,,
,,
,,
,,
,,
,,
,,
,,
,,
,,
,,
,,
,,
,,
,,
,,
,,
,,
,,
,,
,,
,,
,,
,,
,,
,,
,,
,,
,,
,,
,,
,,
,,
,,
,,
,,
,,
,,
,,
,,
,,
,,
,,
,,
,,
,,
,,
,,
,,
,,
,,
,,
,,
,,
,,
,,
,,
,,
,,
,,
,,
,,
,,
,,
,,
,,
,,
,,
,,
,,
,,
,,
,,
,,
,,
,,
,,
,,
,,
,,
,,
,,
,,
,,
,,
,,
,,
,,
,,
,,
,,
,,
,,
,,
,,
,,
,,
,,
,,
,,
,,
,,
,,
,,
,,
,,
,,
,,
,,
,,
,,
,,
,,
,,
,,
,,
,,
,,
,,
,,
,,
,,
,,
,,
,,
,,
,,
,,
,,
,,
,,
,,
,,
,,
,,
,,
,,
,,
,,
,,
,,
,,
,,
,,
,,
,,
,,
,,
,,
,,
,,
,,
,,
,,
,,
,,
,,
,,
,,
,,
,,
,,
,,
,,
,,
,,
,,
,,
,,
,,
,,
,,
,,
,,
,,
,,
,,
,,
,,
,,
,,
,,
,,
,,
,,
,,
,,
,,
,,
,,
,,
,,
,,
,,
,,
,,
,,
,,
,,
,,
,,
,,
,,
,,
,,
,,
,,
,,
,,
,,
,,
,,
,,
,,
,,
,,
,,
,,
,,
,,
,,
,,
,,
,,
,,
,,
,,
,,
,,
,,
,,
,,
,,
,,
,,
,,
,,
,,
,,
,,
,,
,,
,,
,,
,,
,,
,,
,,
,,
,,
,,
,,
,,
,,
,,
,,
,,
,,
,,
,,
,,
,,
,,
,,
,,
,,
,,
,,
,,
,,
,,
,,
,,
,,
,,
,,
,,
,,
,,
,,
,,
,,
,,
,,
,,
,,
,,
,,
,,
,,
,,
,,
,,
,,
,,
,,
,,
,,
,,
,,
,,
,,
,,
,,
,,
,,
,,
,,
,,
,,
,,
,,
,,
,,
,,
,,
,,
,,
,,
,,
,,
,,
,,
,,
,,
,,
,,
,,
,,
,,
,,
,,
,,
,,
,,
,,
,,
,,
,,
,,
,,
,,
,,
,,
,,
,,
,,
,,
,,
,,
,,
,,
,,
,,
,,
,,
,,
,,
,,
,,
,,
,,
,,
,,
,,
,,
,,
,,
,,
,,
,,
,,
,,
,,
,,
,,
,,
,,
,,
,,
,,
,,
,,
,,
,,
,,
,,
,,
,,
,,
,,
,,
,,
,,
,,
,,
,,
,,
,,
,,
,,
,,
,,
,,
,,
,,
,,
,,
,,
,,
,,
,,
,,
,,
,,
,,
,,
,,
,,
,,
,,
,,
,,
,,
,,
,,
,,
,,
,,
,,
,,
,,
,,
,,
,,
,,
,,
,,
,,
,,
,,
,,
,,
,,
,,
,,
,,
,,
,,
,,
,,
,,
,,
,,
,,
,,
,,
,,
,,
,,
,,
,,
,,
,,
,,
,,
,,
,,
,,
,,
,,
,,
,,
,,
,,
,,
,,
,,
,,
,,
,,
,,
,,
,,
,,
,,
,,
,,
,,
,,
,,
,,
,,
,,
,,
,,
,,
,,
,,
,,
,,
,,
,,
,,
,,
,,
,,
,,
,,
,,
,,
,,
,,
,,
,,
,,
,,
,,
,,
,,
,,
,,
,,
,,
,,
,,
,,
,,
,,
,,
,,
,,
,,
,,
,,
,,
,,
,,
,,
,,
,,
,,
,,
,,
,,
,,
,,
,,
,,
,,
,,
,,
,,
,,
,,
,,
,,
,,
,,
,,
,,
,,
,,
,,
,,
,,
,,
,,
,,
,,
,,
,,
,,
,,
,,
,,
,,
,,
,,
,,
,,
,,
,,
,,
,,
,,
,,
,,
,,
,,
,,
,,
,,
,,
,,
,,
,,
,,
,,
,,
,,
,,
,,
,,
,,
,,
,,
,,
,,
,,
,,
,,
,,
,,
,,
,,
,,
,,
,,
,,
,,
,,
,,
,,
,,
,,
,,
,,
,,
,,
,,
,,
,,
,,
,,
,,
,,
,,
,,
,,
,,
,,
,,
,,
,,
,,
,,
,,
,,
,,
,,
,,
,,
,,
,,
,,
,,
,,
,,
,,
,,
,,
,,
,,
,,
,,
,,
,,
,,
,,
,,
,,
,,
,,
,,
,,
,,
,,
,,
,,
,,
,,
,,
,,
,,
,,
,,
,,
,,
,,
,,
,,
,,
,,
,,
,,
,,
,,
,,
,,
,,
,,
,,
,,
,,
,,
,,
,,
,,
,,
,,
,,
,,
,,
,,
,,
,,
,,
,,
,,
,,
,,
,,
,,
,,
,,
,,
,,
,,
,,
,,
,,
,,
,,
,,
,,
,,
,,
,,
,,
,,
,,
,,
,,
,,
,,
,,
,,
,,
,,
,,
,,
,,
,,
,,
,,
,,
,,
,,
,,
,,
,,
,,
,,
,,
,,
,,
,,
,,
,,
,,
,,
,,
,,
,,
,,
,,
,,
,,
,,
,,
,,
,,
,,
,,
,,
,,
,,
,,
,,
,,
,,
,,
,,
,,
,,
,,
,,
,,
,,
,,
,,
,,
,,
,,
,,
,,
,,
,,
,,
,,
,,
,,
,,
,,
,,
,,
,,
,,
,,
,,
,,
,,
,,
,,
,,
,,
,,
,,
,,
,,
,,
,,
,,
,,
,,
,,
,,
,,
,,
,,
,,
,,
,,
,,
,,
,,
,,
,,
,,
,,
,,
,,
,,
,,
,,
,,
,,
,,
,,
,,
,,
,,
,,
,,
,,
,,
,,
,,
,,
,,
,,
,,
,,
,,
,,
,,
,,
,,
,,
,,
,,
,,
,,
,,
,,
,,
,,
,,
,,
,,
,,
,,
,,
,,
,,
,,
,,
,,
,,
,,
,,
,,
,,
,,
,,
,,
,,
,,
,,
,,
,,
,,
,,
,,
,,
,,
,,
,,
,,
,,
,,
,,
,,
,,
,,
,,
,,
,,
,,
,,
,,
,,
,,
,,
,,
,,
,,
,,
,,
,,
,,
,,
,,
,,
,,
,,
,,
,,
,,
,,
,,
,,
,,
,,
,,
,,
,,
,,
,,
,,
,,
,,
,,
,,
,,
,,
,,
,,
,,
,,
,,
,,
,,
,,
,,
,,
,,
,,
,,
,,
,,
,,
,,
,,
,,
,,
,,
,,
,,
,,
,,
,,
,,
,,
,,
,,
,,
,,
,,
,,
,,
,,
,,
,,
,,
,,
,,
,,
,,
,,
,,
,,
,,
,,
,,
,,
,,
,,
,,
,,
,,
,,
,,
,,
,,
,,
,,
,,
,,
,,
,,
,,
,,
,,
,,
,,
,,
,,
,,
,,
,,
,,
,,
,,
,,
,,
,,
,,
,,
,,
,,
,,
,,
,,
,,
,,
,,
,,
,,
,,
,,
,,
,,
,,
,,
,,
,,
,,
,,
,,
,,
,,
,,
,,
,,
,,
,,
,,
,,
,,
,,
,,
,,
,,
,,
,,
,,
,,
,,
,,
,,
,,
,,
,,
,,
,,
,,
,,
,,
,,
,,
,,
,,
,,
,,
,,
,,
,,
,,
,,
,,
,,
,,
,,
,,
,,
,,
,,
,,
,,
,,
,,
,,
,,
,,
,,
,,
,,
,,
,,
,,
,,
,,
,,
,,
,,
,,
,,
,,
,,
,,
,,
,,
,,
,,
,,
,,
,,
,,
,,
,,
,,
,,
,,
,,
,,
,,
,,
,,
,,
,,
,,
,,
,,
,,
,,
,,
,,
,,
,,
,,
,,
,,
,,
,,
,,
,,
,,
,,
,,
,,
,,
,,
,,
,,
,,
,,
,,
,,
,,
,,
,,
,,
,,
,,
,,
,,
,,
,,
,,
,,
,,
,,
,,
,,
,,
,,
,,
,,
,,
,,
,,
,,
,,
,,
,,
,,
,,
,,
,,
,,
,,
,,
,,
,,
,,
,,
,,
,,
,,
,,
,,
,,
,,
,,
,,
,,
,,
,,
,,
,,
,,
,,
,,
,,
,,
,,
,,
,,
,,
,,
,,
,,
,,
,,
,,
,,
,,
,,
,,
,,
,,
,,
,,
,,
,,
,,
,,
,,
,,
,,
,,
,,
,,
,,
,,
,,
,,
,,
,,
,,
,,
,,
,,
,,
,,
,,
,,
,,
,,
,,
,,
,,
,,
,,
,,
,,
,,
,,
,,
,,
,,
,,
,,
,,
,,
,,
,,
,,
,,
,,
,,
,,
,,
,,
,,
,,
,,
,,
,,
,,
,,
,,
,,
,,
,,
,,
,,
,,
,,
